id,category_alias,category_title
fVbUVAiLiGgLA_nxBFxyww,korean,Korean
fVbUVAiLiGgLA_nxBFxyww,newamerican,American (New)
fVbUVAiLiGgLA_nxBFxyww,tapasmallplates,Tapas/Small Plates
MGd6HFEq1ALD58XWNviSXw,food_court,Food Court
nMyot99PkX5iYCdxHoRJqQ,korean,Korean
nMyot99PkX5iYCdxHoRJqQ,tapasmallplates,Tapas/Small Plates
nMyot99PkX5iYCdxHoRJqQ,gastropubs,Gastropubs
IA3EQ0Ilx0yI7dNYnq-YGQ,lebanese,Lebanese
IA3EQ0Ilx0yI7dNYnq-YGQ,breakfast_brunch,Breakfast & Brunch
IA3EQ0Ilx0yI7dNYnq-YGQ,sandwiches,Sandwiches
hLXe3RVRK39VUSPdvBjFEA,filipino,Filipino
FlZ1zdVEKWv7dwqm8Uw8-w,japanese,Japanese
FlZ1zdVEKWv7dwqm8Uw8-w,noodles,Noodles
WJS06XxRdc6DD1s4LWE9HA,seafood,Seafood
WJS06XxRdc6DD1s4LWE9HA,thai,Thai
WJS06XxRdc6DD1s4LWE9HA,raw_food,Live/Raw Food
9I8mZXCkGZBmFh5fYOYorw,vietnamese,Vietnamese
9I8mZXCkGZBmFh5fYOYorw,noodles,Noodles
9I8mZXCkGZBmFh5fYOYorw,sandwiches,Sandwiches
qEe7nIhPfEL6L0-VYhWRrA,japanese,Japanese
qEe7nIhPfEL6L0-VYhWRrA,noodles,Noodles
-XYp6w50XbZfS90YddS5ew,thai,Thai
-XYp6w50XbZfS90YddS5ew,noodles,Noodles
-XYp6w50XbZfS90YddS5ew,cocktailbars,Cocktail Bars
nHMDOIX32dGbfpuNUwsLNQ,italian,Italian
nHMDOIX32dGbfpuNUwsLNQ,breakfast_brunch,Breakfast & Brunch
nHMDOIX32dGbfpuNUwsLNQ,cocktailbars,Cocktail Bars
4aF0F8w7yXX9o5_QFky_ig,mediterranean,Mediterranean
4aF0F8w7yXX9o5_QFky_ig,bars,Bars
SWK0AQ5KTDDCt8AtOhhasg,newamerican,American (New)
SWK0AQ5KTDDCt8AtOhhasg,venues,Venues & Event Spaces
SWK0AQ5KTDDCt8AtOhhasg,beer_and_wine,"Beer, Wine & Spirits"
Me4TxTbPPQZQopW1wOGx5g,breakfast_brunch,Breakfast & Brunch
Me4TxTbPPQZQopW1wOGx5g,mediterranean,Mediterranean
Me4TxTbPPQZQopW1wOGx5g,newamerican,American (New)
fNKYBpQJivICm0ORb3nb_Q,korean,Korean
LpVbI-E9C-CSp7WhU5h2Iw,seafood,Seafood
LpVbI-E9C-CSp7WhU5h2Iw,divebars,Dive Bars
LpVbI-E9C-CSp7WhU5h2Iw,malaysian,Malaysian
D_f5cnBPDUueO-CCYHtwPw,chinese,Chinese
Qi7pmy2BuR5Oz2ouXa2u4A,italian,Italian
Qi7pmy2BuR5Oz2ouXa2u4A,pizza,Pizza
8SehQovJOuQDLbtzLLYLyw,tradamerican,American (Traditional)
8SehQovJOuQDLbtzLLYLyw,wine_bars,Wine Bars
AA9wpuJRhkSHUePAiv3otA,newamerican,American (New)
AA9wpuJRhkSHUePAiv3otA,cocktailbars,Cocktail Bars
c8wkoGg9UbF55k3Z74X0Qw,newamerican,American (New)
c8wkoGg9UbF55k3Z74X0Qw,bars,Bars
c8wkoGg9UbF55k3Z74X0Qw,venues,Venues & Event Spaces
y2dSu-qwp1BmLfQRn_c-1Q,cocktailbars,Cocktail Bars
y2dSu-qwp1BmLfQRn_c-1Q,mexican,Mexican
y2dSu-qwp1BmLfQRn_c-1Q,latin,Latin American
D0EV-xXaUUi35raZ_hWg-w,asianfusion,Asian Fusion
D0EV-xXaUUi35raZ_hWg-w,newamerican,American (New)
D0EV-xXaUUi35raZ_hWg-w,steak,Steakhouses
WUc3CA6S8OjH3kiqv3eFOA,korean,Korean
AudBWxeAr3zHr1ITrTcVpg,japanese,Japanese
7bpZZUpEclhn29wWVqFsKA,tapasmallplates,Tapas/Small Plates
7bpZZUpEclhn29wWVqFsKA,noodles,Noodles
eQ4QUGvuHGBzsOrphsVc6A,japanese,Japanese
eQ4QUGvuHGBzsOrphsVc6A,hotpot,Hot Pot
eQ4QUGvuHGBzsOrphsVc6A,sushi,Sushi Bars
6Ct7OeTRn4caY9g0swFBsw,mexican,Mexican
6Ct7OeTRn4caY9g0swFBsw,bars,Bars
6Ct7OeTRn4caY9g0swFBsw,breakfast_brunch,Breakfast & Brunch
lynQoI3w_pzYfHGeuUU-Qg,chinese,Chinese
e5wK3I_THzF4Ce_OgoSCQw,korean,Korean
e5wK3I_THzF4Ce_OgoSCQw,tapasmallplates,Tapas/Small Plates
e5wK3I_THzF4Ce_OgoSCQw,cocktailbars,Cocktail Bars
OCTiJwvjoK81WoDwsTkFvA,italian,Italian
OCTiJwvjoK81WoDwsTkFvA,salad,Salad
OCTiJwvjoK81WoDwsTkFvA,seafood,Seafood
qBGKigOGn_flCx1apxPzlA,italian,Italian
Vbmv3T7hr_owVic5BQXs5w,dimsum,Dim Sum
Vbmv3T7hr_owVic5BQXs5w,noodles,Noodles
CqtT8rPaSmrRClUBbqsCFA,seafood,Seafood
CqtT8rPaSmrRClUBbqsCFA,cocktailbars,Cocktail Bars
CqtT8rPaSmrRClUBbqsCFA,breakfast_brunch,Breakfast & Brunch
AybQUv47u16bwg83kqNf5w,thai,Thai
mnXrPqOVbX_06D9OAo4dLA,korean,Korean
mnXrPqOVbX_06D9OAo4dLA,bbq,Barbeque
mnXrPqOVbX_06D9OAo4dLA,desserts,Desserts
FizBsTIAJwNrImIG1mPDcg,korean,Korean
FizBsTIAJwNrImIG1mPDcg,cocktailbars,Cocktail Bars
FizBsTIAJwNrImIG1mPDcg,tapasmallplates,Tapas/Small Plates
mPHPVJ2-8mOR-lFHafrc6w,italian,Italian
S3ZAZrpakAUs8sVUb6ving,comfortfood,Comfort Food
S3ZAZrpakAUs8sVUb6ving,sandwiches,Sandwiches
S3ZAZrpakAUs8sVUb6ving,asianfusion,Asian Fusion
XgiG7K7ubHsj2JJ-c2sXnw,thai,Thai
Rj2ACaJcbroJLPDhRhzvBw,mediterranean,Mediterranean
Rj2ACaJcbroJLPDhRhzvBw,cocktailbars,Cocktail Bars
Rj2ACaJcbroJLPDhRhzvBw,breakfast_brunch,Breakfast & Brunch
8Oo2AtQEPDfxIOnA8wfXoQ,taiwanese,Taiwanese
8Oo2AtQEPDfxIOnA8wfXoQ,asianfusion,Asian Fusion
YSflX6shqcP3zYno0Zz75Q,newamerican,American (New)
YSflX6shqcP3zYno0Zz75Q,cocktailbars,Cocktail Bars
oe8GEFE4QLFAKt87y7zcgA,taiwanese,Taiwanese
oe8GEFE4QLFAKt87y7zcgA,chinese,Chinese
oe8GEFE4QLFAKt87y7zcgA,noodles,Noodles
7szsAtxOkGJ2ady3Qx7v4w,bars,Bars
7szsAtxOkGJ2ady3Qx7v4w,newamerican,American (New)
7szsAtxOkGJ2ady3Qx7v4w,gastropubs,Gastropubs
48nRODGl30EWpYMcCTOeAw,newamerican,American (New)
q1uIqB8PvyCCX8TajaRYBg,breakfast_brunch,Breakfast & Brunch
q1uIqB8PvyCCX8TajaRYBg,mediterranean,Mediterranean
pZWhRtCJvTuwWoavaiCQrA,korean,Korean
pZWhRtCJvTuwWoavaiCQrA,tapasmallplates,Tapas/Small Plates
pZWhRtCJvTuwWoavaiCQrA,southern,Southern
D_Rjd2js4_lkk51Obvlveg,breakfast_brunch,Breakfast & Brunch
D_Rjd2js4_lkk51Obvlveg,bagels,Bagels
D_Rjd2js4_lkk51Obvlveg,mideastern,Middle Eastern
__EvomQ2tE1NtkWn32WEXg,burgers,Burgers
__EvomQ2tE1NtkWn32WEXg,newamerican,American (New)
__EvomQ2tE1NtkWn32WEXg,cocktailbars,Cocktail Bars
0IFDnYf3bhqxJR6hVrG7Gw,thai,Thai
0IFDnYf3bhqxJR6hVrG7Gw,halal,Halal
0IFDnYf3bhqxJR6hVrG7Gw,cocktailbars,Cocktail Bars
OQbccovdHgjenH-sJIbFPw,newamerican,American (New)
4XX-zF8h5Lvrr22_tqU6-Q,newamerican,American (New)
4XX-zF8h5Lvrr22_tqU6-Q,wine_bars,Wine Bars
4XX-zF8h5Lvrr22_tqU6-Q,venues,Venues & Event Spaces
JQDVA6_dRpg7RlxlZmJr0w,georgian,Georgian
JQDVA6_dRpg7RlxlZmJr0w,wine_bars,Wine Bars
JQDVA6_dRpg7RlxlZmJr0w,cocktailbars,Cocktail Bars
GLf8_rOnkszkGmPAiMzO9Q,coffee,Coffee & Tea
GLf8_rOnkszkGmPAiMzO9Q,breakfast_brunch,Breakfast & Brunch
GLf8_rOnkszkGmPAiMzO9Q,sandwiches,Sandwiches
cRsIsiuoV11zX8oLY8brhQ,newamerican,American (New)
cRsIsiuoV11zX8oLY8brhQ,wine_bars,Wine Bars
-R5CBTnY10kdVNNv0lbHnA,tradamerican,American (Traditional)
FgPvSR_42MtGKy0_n055iw,cocktailbars,Cocktail Bars
FgPvSR_42MtGKy0_n055iw,burgers,Burgers
FgPvSR_42MtGKy0_n055iw,sandwiches,Sandwiches
37xSQ6l3feGBbmoqN84H3g,vietnamese,Vietnamese
37xSQ6l3feGBbmoqN84H3g,asianfusion,Asian Fusion
Orbsfc3nI21mQ8cwSPahhg,wine_bars,Wine Bars
Orbsfc3nI21mQ8cwSPahhg,newamerican,American (New)
qLJYqqj9vu0sdBJsxQKYjQ,asianfusion,Asian Fusion
qLJYqqj9vu0sdBJsxQKYjQ,cocktailbars,Cocktail Bars
qLJYqqj9vu0sdBJsxQKYjQ,lounges,Lounges
IjygKmi3dhRyBe-MV9rXFw,wine_bars,Wine Bars
IjygKmi3dhRyBe-MV9rXFw,newamerican,American (New)
IjygKmi3dhRyBe-MV9rXFw,cocktailbars,Cocktail Bars
SB4crLLqZy4RdoA3e7yDNA,coffee,Coffee & Tea
SB4crLLqZy4RdoA3e7yDNA,bakeries,Bakeries
SB4crLLqZy4RdoA3e7yDNA,sandwiches,Sandwiches
5eTSnxcWeAnFfNMThdmwNw,italian,Italian
_N92SH1Zi-Hbxn_bNHFz0Q,italian,Italian
29vdYkOQUJ8641RvABAUWA,newamerican,American (New)
QQpQujXQGbZBK6BeAokzDA,italian,Italian
QQpQujXQGbZBK6BeAokzDA,mediterranean,Mediterranean
QQpQujXQGbZBK6BeAokzDA,mideastern,Middle Eastern
E_Rxnmim6J2ECFtU0QGlsQ,cantonese,Cantonese
2ggi1luerd3Mf_C82JvCYg,pizza,Pizza
2ggi1luerd3Mf_C82JvCYg,desserts,Desserts
2ggi1luerd3Mf_C82JvCYg,beer_and_wine,"Beer, Wine & Spirits"
8bIXIStb1SVu1sXYfcMH5g,australian,Australian
8bIXIStb1SVu1sXYfcMH5g,breakfast_brunch,Breakfast & Brunch
8bIXIStb1SVu1sXYfcMH5g,burgers,Burgers
YfB7r67NbrFpuret7TTtBQ,newamerican,American (New)
LOeDR4X-YRToeo3hy_plew,seafood,Seafood
LOeDR4X-YRToeo3hy_plew,raw_food,Live/Raw Food
3gqKLANaXNsHZnPDjKrcTg,taiwanese,Taiwanese
3gqKLANaXNsHZnPDjKrcTg,newamerican,American (New)
7Qvh0oFRsoqrO9qNlcMKXQ,vietnamese,Vietnamese
7Qvh0oFRsoqrO9qNlcMKXQ,sandwiches,Sandwiches
7Qvh0oFRsoqrO9qNlcMKXQ,coffee,Coffee & Tea
HodL0fXoF08C3Ir-kLeTtw,pastashops,Pasta Shops
HodL0fXoF08C3Ir-kLeTtw,italian,Italian
HodL0fXoF08C3Ir-kLeTtw,salad,Salad
Cebmp5-kEcdb4dBPrMKkWg,thai,Thai
HUKn7SlSjYtemmPiGLnD2w,korean,Korean
HUKn7SlSjYtemmPiGLnD2w,asianfusion,Asian Fusion
VvsZAnEwU4c8Xkyrzx05Nw,korean,Korean
VvsZAnEwU4c8Xkyrzx05Nw,tapasmallplates,Tapas/Small Plates
VvsZAnEwU4c8Xkyrzx05Nw,bbq,Barbeque
WAVszL8c2-JhQdFpUAxFBg,italian,Italian
qgY41g_eg0eNzewCXmKcaA,cafes,Cafes
qgY41g_eg0eNzewCXmKcaA,italian,Italian
aZ_a78wVWnQnV6BdMwcFVA,korean,Korean
fuSjpC1qw3fLih5SYUoOvg,mediterranean,Mediterranean
fuSjpC1qw3fLih5SYUoOvg,newamerican,American (New)
fuSjpC1qw3fLih5SYUoOvg,breakfast_brunch,Breakfast & Brunch
MwyEUg5EXuqTf1mjKU08ng,mexican,Mexican
47-Zk7oz8-jVS2zvXbZgHQ,newamerican,American (New)
47-Zk7oz8-jVS2zvXbZgHQ,wine_bars,Wine Bars
vQX7y4Yoknpso033IDATqA,taiwanese,Taiwanese
vQX7y4Yoknpso033IDATqA,salad,Salad
vQX7y4Yoknpso033IDATqA,noodles,Noodles
js7pXIr0lGoTd_6HPMPckg,korean,Korean
js7pXIr0lGoTd_6HPMPckg,soup,Soup
js7pXIr0lGoTd_6HPMPckg,soulfood,Soul Food
liZmIO0FqZwslLJfLDkfgw,thai,Thai
cUyfnb3E7HvzNfbTgTjl_Q,spanish,Spanish
44SY464xDHbvOcjDzRbKkQ,ramen,Ramen
gXgE7myTLwzXpnlfTXlzKQ,peruvian,Peruvian
gXgE7myTLwzXpnlfTXlzKQ,bars,Bars
LTVNsNBh_0FI8MYrPfjRDQ,shanghainese,Shanghainese
LTVNsNBh_0FI8MYrPfjRDQ,szechuan,Szechuan
LTVNsNBh_0FI8MYrPfjRDQ,asianfusion,Asian Fusion
ANnbbwv_ZTFPcNdzSMUiZw,newamerican,American (New)
6YxjANE2V7n8TehK79C9wg,taiwanese,Taiwanese
6YxjANE2V7n8TehK79C9wg,streetvendors,Street Vendors
6YxjANE2V7n8TehK79C9wg,foodstands,Food Stands
JFmWkslCGTeuwC_Yews4-Q,italian,Italian
e64Y17DJgjotSz8B9gEI7Q,thai,Thai
e64Y17DJgjotSz8B9gEI7Q,bars,Bars
q2Vq56jenOx8cXD2fCupYg,portuguese,Portuguese
q2Vq56jenOx8cXD2fCupYg,cocktailbars,Cocktail Bars
q2Vq56jenOx8cXD2fCupYg,beer_and_wine,"Beer, Wine & Spirits"
xMUZfoyzyJoTfZxrEZus4Q,comfortfood,Comfort Food
xMUZfoyzyJoTfZxrEZus4Q,breakfast_brunch,Breakfast & Brunch
xMUZfoyzyJoTfZxrEZus4Q,bars,Bars
wouDDTacUIBaRp8YGCFTsA,breakfast_brunch,Breakfast & Brunch
wouDDTacUIBaRp8YGCFTsA,tradamerican,American (Traditional)
wouDDTacUIBaRp8YGCFTsA,cocktailbars,Cocktail Bars
8wMJdpw2R_4VfS55itB_gQ,newamerican,American (New)
8wMJdpw2R_4VfS55itB_gQ,bars,Bars
Fj_i2oTy-4ZxVIdFYmOTRw,desserts,Desserts
Fj_i2oTy-4ZxVIdFYmOTRw,cocktailbars,Cocktail Bars
Fj_i2oTy-4ZxVIdFYmOTRw,mideastern,Middle Eastern
kr_r3cmFlhgr_1jjLHMgfg,seafood,Seafood
DI0PHE6PVTpJF6dvG_d1Wg,tradamerican,American (Traditional)
DI0PHE6PVTpJF6dvG_d1Wg,bars,Bars
ejdQq4SvCv-qE7qSYhtVoA,taiwanese,Taiwanese
ejdQq4SvCv-qE7qSYhtVoA,chinese,Chinese
dCDpb-fz6Ton9AXLoaWIhA,sushi,Sushi Bars
LMyvruexOQzzHQrAgbdqiA,korean,Korean
LMyvruexOQzzHQrAgbdqiA,newamerican,American (New)
LMyvruexOQzzHQrAgbdqiA,gastropubs,Gastropubs
j1Dh7TaT9enatjzd3bO6iQ,bubbletea,Bubble Tea
j1Dh7TaT9enatjzd3bO6iQ,taiwanese,Taiwanese
vLNY7LUgkX-3sVoReBLNIw,peruvian,Peruvian
vLNY7LUgkX-3sVoReBLNIw,desserts,Desserts
w0muQDL21sXLI4JmMxvnzQ,japanese,Japanese
w0muQDL21sXLI4JmMxvnzQ,sushi,Sushi Bars
rQpO1Eie_zmeAOQ9s-T0sQ,breakfast_brunch,Breakfast & Brunch
rQpO1Eie_zmeAOQ9s-T0sQ,coffee,Coffee & Tea
rQpO1Eie_zmeAOQ9s-T0sQ,australian,Australian
SSDOkx5enfRH3nsniS_2jA,vietnamese,Vietnamese
SSDOkx5enfRH3nsniS_2jA,coffee,Coffee & Tea
SSDOkx5enfRH3nsniS_2jA,tacos,Tacos
PjjpgjY_sdawJU1JHbyNTQ,sushi,Sushi Bars
o-N9S05IjZdEdzdO6DB3Bw,modern_european,Modern European
m4CFfE1_u5rwVgb45ZqRpA,persian,Persian/Iranian
6gzQLjzJk25ePm_JS7ZAug,newamerican,American (New)
6gzQLjzJk25ePm_JS7ZAug,cocktailbars,Cocktail Bars
k5fd-RSdG4IuXnnGSQ5oOw,italian,Italian
k5fd-RSdG4IuXnnGSQ5oOw,bars,Bars
k5fd-RSdG4IuXnnGSQ5oOw,breakfast_brunch,Breakfast & Brunch
Ms3CAGddVbgetiQrpzqxPQ,bbq,Barbeque
Ms3CAGddVbgetiQrpzqxPQ,smokehouse,Smokehouse
9-vKFnUby_6-pR6UJxjzMw,chinese,Chinese
8zTyhMq0ki83WoWrq4D0qw,vietnamese,Vietnamese
f8ipr8Wdy1_wHhw7JgNqPQ,italian,Italian
f8ipr8Wdy1_wHhw7JgNqPQ,cocktailbars,Cocktail Bars
f8ipr8Wdy1_wHhw7JgNqPQ,seafood,Seafood
1a_917E7n7bVmWXO31GvSQ,japanese,Japanese
1a_917E7n7bVmWXO31GvSQ,sushi,Sushi Bars
xTwzk3lh7tE2GFiVQop1kg,korean,Korean
xTwzk3lh7tE2GFiVQop1kg,bbq,Barbeque
tM8ZtEix8Bxg82AIKsHXcw,mediterranean,Mediterranean
tM8ZtEix8Bxg82AIKsHXcw,mideastern,Middle Eastern
Swjm9no7DRqhThLlf0EHng,cocktailbars,Cocktail Bars
Swjm9no7DRqhThLlf0EHng,panasian,Pan Asian
Swjm9no7DRqhThLlf0EHng,tapasmallplates,Tapas/Small Plates
sRWRA4dcN_NR1JGpuRVouA,dimsum,Dim Sum
sRWRA4dcN_NR1JGpuRVouA,desserts,Desserts
sRWRA4dcN_NR1JGpuRVouA,noodles,Noodles
4fSVJCi8E_OIfIoe6UdqKg,bbq,Barbeque
8XHbZIKDQbXhyKIGiukVeQ,steak,Steakhouses
8XHbZIKDQbXhyKIGiukVeQ,french,French
8XHbZIKDQbXhyKIGiukVeQ,cocktailbars,Cocktail Bars
8aMqgFzbAFgN9VsgA2jDOA,italian,Italian
8aMqgFzbAFgN9VsgA2jDOA,pizza,Pizza
zjQSHwU-raZZfuJ6KaVuZA,georgian,Georgian
zjQSHwU-raZZfuJ6KaVuZA,modern_european,Modern European
NfRAi1k-B4yVuSpfwscJZA,breakfast_brunch,Breakfast & Brunch
NfRAi1k-B4yVuSpfwscJZA,bakeries,Bakeries
NfRAi1k-B4yVuSpfwscJZA,delis,Delis
EDucGBSfQ0YIbxdHS-KnCg,bars,Bars
EDucGBSfQ0YIbxdHS-KnCg,seafood,Seafood
EDucGBSfQ0YIbxdHS-KnCg,asianfusion,Asian Fusion
i8ejDDR4COtukAAA1Ls5fw,japanese,Japanese
i8ejDDR4COtukAAA1Ls5fw,noodles,Noodles
-bM9YDomW6BX3zGDHN24XQ,malaysian,Malaysian
-bM9YDomW6BX3zGDHN24XQ,thai,Thai
7Q68kpPS6okcC8Kkw7g42A,japanese,Japanese
7Q68kpPS6okcC8Kkw7g42A,sushi,Sushi Bars
7Q68kpPS6okcC8Kkw7g42A,bars,Bars
QPEzLkO35OTYijFhs8d7-w,newamerican,American (New)
QPEzLkO35OTYijFhs8d7-w,cocktailbars,Cocktail Bars
QPEzLkO35OTYijFhs8d7-w,breakfast_brunch,Breakfast & Brunch
bEloKDe-QVkwakAwmFKbbA,bars,Bars
bEloKDe-QVkwakAwmFKbbA,seafood,Seafood
43ytEn7XfwO4JaxO_1q8iQ,tacos,Tacos
q7lbzHyqaqa4LdqUxQMR1g,french,French
sHVnV3l2_mQefULh0mvwUA,korean,Korean
sHVnV3l2_mQefULh0mvwUA,bbq,Barbeque
HcWm-9ZZu2_brnuRxN5Gpg,mideastern,Middle Eastern
HcWm-9ZZu2_brnuRxN5Gpg,sandwiches,Sandwiches
LHxZgTddXIp_S1sL3nNG9w,tradamerican,American (Traditional)
LHxZgTddXIp_S1sL3nNG9w,cocktailbars,Cocktail Bars
LHxZgTddXIp_S1sL3nNG9w,burgers,Burgers
GpWXEpVyehmKP2WQsD_Y8g,newamerican,American (New)
GpWXEpVyehmKP2WQsD_Y8g,cocktailbars,Cocktail Bars
GpWXEpVyehmKP2WQsD_Y8g,gastropubs,Gastropubs
XsXLVWr1UZWVhKThNvNiaA,szechuan,Szechuan
8_AqbONdiu8MUqVkCuJKUw,mexican,Mexican
BQRfaq0U75B5EEblBZ2Aqg,newamerican,American (New)
pqqhHTz_ZpApsaWGa_zMTA,sushi,Sushi Bars
pqqhHTz_ZpApsaWGa_zMTA,japanese,Japanese
nU4XBdvxDABXqZ6CnB8Dig,bakeries,Bakeries
nU4XBdvxDABXqZ6CnB8Dig,newamerican,American (New)
nU4XBdvxDABXqZ6CnB8Dig,breakfast_brunch,Breakfast & Brunch
M7KW96iW-c9FGKkkDC25OQ,moroccan,Moroccan
M7KW96iW-c9FGKkkDC25OQ,mediterranean,Mediterranean
M7KW96iW-c9FGKkkDC25OQ,seafood,Seafood
moaPtBNbQ5VNu2Z0ilCVGQ,newamerican,American (New)
moaPtBNbQ5VNu2Z0ilCVGQ,cocktailbars,Cocktail Bars
BaeUVrAj5f3YF1razW5bow,asianfusion,Asian Fusion
BaeUVrAj5f3YF1razW5bow,cocktailbars,Cocktail Bars
BaeUVrAj5f3YF1razW5bow,japanese,Japanese
_EBQhV-UQ7NoV66uXYH0dw,diners,Diners
_EBQhV-UQ7NoV66uXYH0dw,breakfast_brunch,Breakfast & Brunch
_EBQhV-UQ7NoV66uXYH0dw,sandwiches,Sandwiches
7OMGEtFWT6sdd9TVuoGqJQ,japanese,Japanese
7OMGEtFWT6sdd9TVuoGqJQ,seafood,Seafood
niODyKeyStKEut1b6FNlhQ,greek,Greek
m-G7KgMjYvrZNs5Jibfx4Q,mideastern,Middle Eastern
m-G7KgMjYvrZNs5Jibfx4Q,desserts,Desserts
m-G7KgMjYvrZNs5Jibfx4Q,cocktailbars,Cocktail Bars
FAALx4s7PBtCZWKFqRNPNQ,korean,Korean
uLWFI7kseoU98qHiGWVgsg,cajun,Cajun/Creole
uLWFI7kseoU98qHiGWVgsg,cocktailbars,Cocktail Bars
uLWFI7kseoU98qHiGWVgsg,newamerican,American (New)
KLNAzOpBuDspEttRsRszSA,mediterranean,Mediterranean
_4Grm99JEHnDWskCHAJfUg,greek,Greek
_4Grm99JEHnDWskCHAJfUg,mediterranean,Mediterranean
RqnPXUsRyFShLA5zhSQKFg,newamerican,American (New)
RqnPXUsRyFShLA5zhSQKFg,wine_bars,Wine Bars
RqnPXUsRyFShLA5zhSQKFg,beerbar,Beer Bar
L7_siqDfU4-ZA17YtA-SBg,korean,Korean
L7_siqDfU4-ZA17YtA-SBg,bars,Bars
YPFME0go5UzDo7_q3NN2Mg,brazilian,Brazilian
YPFME0go5UzDo7_q3NN2Mg,breakfast_brunch,Breakfast & Brunch
YPFME0go5UzDo7_q3NN2Mg,acaibowls,Acai Bowls
hpRrYBbKUqv8ewFKDjbjoA,italian,Italian
hpRrYBbKUqv8ewFKDjbjoA,wine_bars,Wine Bars
hpRrYBbKUqv8ewFKDjbjoA,breakfast_brunch,Breakfast & Brunch
5f4tRvdXT9C2lHJ0prpmsw,newamerican,American (New)
utM-5navObsVA5sCRHobzA,newamerican,American (New)
28EoYA9TiHANksq662_3vQ,newamerican,American (New)
28EoYA9TiHANksq662_3vQ,cocktailbars,Cocktail Bars
lhEzTykkqFz92Vq2uILtyw,bars,Bars
lhEzTykkqFz92Vq2uILtyw,breakfast_brunch,Breakfast & Brunch
lhEzTykkqFz92Vq2uILtyw,venues,Venues & Event Spaces
vNThH1YBC0OjgzEx_AJvMw,spanish,Spanish
vNThH1YBC0OjgzEx_AJvMw,seafood,Seafood
vNThH1YBC0OjgzEx_AJvMw,bars,Bars
n_gMJlMQCsexD0jhEE6cZw,sandwiches,Sandwiches
W4hobe10Fy54MKqmLaObEg,moroccan,Moroccan
W4hobe10Fy54MKqmLaObEg,mideastern,Middle Eastern
W4hobe10Fy54MKqmLaObEg,breakfast_brunch,Breakfast & Brunch
_G5JMPOkU6IG1OKbhw3gXA,southern,Southern
_G5JMPOkU6IG1OKbhw3gXA,newamerican,American (New)
_G5JMPOkU6IG1OKbhw3gXA,seafood,Seafood
ihplCj2HKWR7z-bBKf8Nzw,breakfast_brunch,Breakfast & Brunch
ihplCj2HKWR7z-bBKf8Nzw,cocktailbars,Cocktail Bars
ihplCj2HKWR7z-bBKf8Nzw,newamerican,American (New)
md90Fu_96gYw1AXJ103mHQ,seafood,Seafood
md90Fu_96gYw1AXJ103mHQ,cocktailbars,Cocktail Bars
md90Fu_96gYw1AXJ103mHQ,wine_bars,Wine Bars
BBPiBgyMmLX5RzaKCB0AeQ,peruvian,Peruvian
BBPiBgyMmLX5RzaKCB0AeQ,bars,Bars
RNRLQXg_P2cGxLEMVlKZQA,newamerican,American (New)
nMNHZ8bbobCrs6VC9zCm8Q,diners,Diners
nMNHZ8bbobCrs6VC9zCm8Q,breakfast_brunch,Breakfast & Brunch
nMNHZ8bbobCrs6VC9zCm8Q,desserts,Desserts
1y900NbcusWxwVb01RSdcg,cocktailbars,Cocktail Bars
1y900NbcusWxwVb01RSdcg,mexican,Mexican
1y900NbcusWxwVb01RSdcg,breakfast_brunch,Breakfast & Brunch
JqrnqiYg6Ak_yMS-tO2TAw,ramen,Ramen
txSykTj5nbwmpiVNoK_Dyg,tradamerican,American (Traditional)
txSykTj5nbwmpiVNoK_Dyg,cocktailbars,Cocktail Bars
txSykTj5nbwmpiVNoK_Dyg,desserts,Desserts
92dWW-9ConZAPCshPlQTrw,newamerican,American (New)
2kkjzgLwKHFmLAfR86kE3Q,mexican,Mexican
2kkjzgLwKHFmLAfR86kE3Q,catering,Caterers
72FarxYcWbvPfHC5IitJKg,newamerican,American (New)
72FarxYcWbvPfHC5IitJKg,japanese,Japanese
_F29-1dkiBmDPSaKQ9_O0Q,japanese,Japanese
klAhw3xLQi9GF1tf_HnS7w,tapas,Tapas Bars
klAhw3xLQi9GF1tf_HnS7w,sushi,Sushi Bars
klAhw3xLQi9GF1tf_HnS7w,izakaya,Izakaya
0czWwSVOVjVQaefbL4Zq-g,caribbean,Caribbean
0czWwSVOVjVQaefbL4Zq-g,breakfast_brunch,Breakfast & Brunch
0czWwSVOVjVQaefbL4Zq-g,cocktailbars,Cocktail Bars
EviCtput3aPEbHEVS4Ahuw,wine_bars,Wine Bars
EviCtput3aPEbHEVS4Ahuw,italian,Italian
EviCtput3aPEbHEVS4Ahuw,venues,Venues & Event Spaces
6aOITRm4GrNbAJ9Li1J_yQ,chinese,Chinese
6aOITRm4GrNbAJ9Li1J_yQ,taiwanese,Taiwanese
pfmAcS-g6SiNG0KlLvrqnA,newamerican,American (New)
ntiDPLkWm6GDLkYh0d2tBw,vietnamese,Vietnamese
ntiDPLkWm6GDLkYh0d2tBw,salad,Salad
ntiDPLkWm6GDLkYh0d2tBw,tacos,Tacos
HiNUBUR1hFwScd_OvVLQAg,italian,Italian
0ksKKrgHt-6xCCHfTlLcoA,latin,Latin American
0ksKKrgHt-6xCCHfTlLcoA,mexican,Mexican
4taegd-dJm0xGJOmqG5DtQ,cafes,Cafes
4taegd-dJm0xGJOmqG5DtQ,breakfast_brunch,Breakfast & Brunch
4taegd-dJm0xGJOmqG5DtQ,lebanese,Lebanese
zwOAiVT4pAmpNGXzj-t5MA,italian,Italian
zwOAiVT4pAmpNGXzj-t5MA,cocktailbars,Cocktail Bars
VpEy7E9fij06n7BRrzvEaw,french,French
VpEy7E9fij06n7BRrzvEaw,wine_bars,Wine Bars
VpEy7E9fij06n7BRrzvEaw,cocktailbars,Cocktail Bars
VbFYau70iG_s6UNFwYtGVQ,chinese,Chinese
VbFYau70iG_s6UNFwYtGVQ,seafood,Seafood
VbFYau70iG_s6UNFwYtGVQ,asianfusion,Asian Fusion
P-RaGy9h2tH_IRXcDv7mmg,cocktailbars,Cocktail Bars
P-RaGy9h2tH_IRXcDv7mmg,mediterranean,Mediterranean
P-RaGy9h2tH_IRXcDv7mmg,burgers,Burgers
_03n3VP-tujID_SJbeEDeA,cafes,Cafes
_03n3VP-tujID_SJbeEDeA,breakfast_brunch,Breakfast & Brunch
_03n3VP-tujID_SJbeEDeA,newamerican,American (New)
m86CNmYThtzzWB3nPnrhbg,pizza,Pizza
m86CNmYThtzzWB3nPnrhbg,burgers,Burgers
2-yiGN-eDKPmxPvc55GPZg,tacos,Tacos
2-yiGN-eDKPmxPvc55GPZg,tapasmallplates,Tapas/Small Plates
2-yiGN-eDKPmxPvc55GPZg,cocktailbars,Cocktail Bars
f7g3GhoQs9nQVTJEL2p48Q,mexican,Mexican
f7g3GhoQs9nQVTJEL2p48Q,breakfast_brunch,Breakfast & Brunch
f7g3GhoQs9nQVTJEL2p48Q,cocktailbars,Cocktail Bars
VSPkVw9gSQx-5v4A6aC_YA,lebanese,Lebanese
VSPkVw9gSQx-5v4A6aC_YA,halal,Halal
VSPkVw9gSQx-5v4A6aC_YA,sandwiches,Sandwiches
VmQ3rfb-eZgfzIe-_K_HOA,breakfast_brunch,Breakfast & Brunch
VmQ3rfb-eZgfzIe-_K_HOA,coffee,Coffee & Tea
VmQ3rfb-eZgfzIe-_K_HOA,burgers,Burgers
SCQ9B9jxqNHvJKQ-RagxaA,cocktailbars,Cocktail Bars
SCQ9B9jxqNHvJKQ-RagxaA,wine_bars,Wine Bars
SCQ9B9jxqNHvJKQ-RagxaA,italian,Italian
f7jZvRH-h76F4emzvKytaQ,thai,Thai
siltHv2lcAuzOdazxq_17g,thai,Thai
siltHv2lcAuzOdazxq_17g,seafood,Seafood
xUr3Mc_g-cwTBkVunTifPA,tapasmallplates,Tapas/Small Plates
xUr3Mc_g-cwTBkVunTifPA,cocktailbars,Cocktail Bars
lOSerKI9Xh4tR5I4YUw9kw,seafood,Seafood
lOSerKI9Xh4tR5I4YUw9kw,bars,Bars
XjH8rjZZSplZ6iq3hqfL-w,persian,Persian/Iranian
XjH8rjZZSplZ6iq3hqfL-w,kebab,Kebab
XjH8rjZZSplZ6iq3hqfL-w,beergardens,Beer Gardens
cTE0e96GYzet799EJeStoQ,georgian,Georgian
cTE0e96GYzet799EJeStoQ,wine_bars,Wine Bars
cTE0e96GYzet799EJeStoQ,cocktailbars,Cocktail Bars
6GAB0Rn6eBqCUO9Tx9BNgQ,korean,Korean
CKDJ5EnccjRvvVF3csTn6Q,mediterranean,Mediterranean
CKDJ5EnccjRvvVF3csTn6Q,mideastern,Middle Eastern
PszZvrDqzgPpl6SQuk3K9Q,cocktailbars,Cocktail Bars
PszZvrDqzgPpl6SQuk3K9Q,french,French
DY9pYV6pDlEejFxhvGrmTA,tradamerican,American (Traditional)
vEvOcLuD99EMWJghbc_9ag,malaysian,Malaysian
vEvOcLuD99EMWJghbc_9ag,singaporean,Singaporean
vEvOcLuD99EMWJghbc_9ag,cocktailbars,Cocktail Bars
GIlunJr5LNcU1mHCchiKPA,thai,Thai
QzjF7OVV-WiJH1dILFrzgg,greek,Greek
j9a6xr78a6tPBblKvvBJew,cocktailbars,Cocktail Bars
j9a6xr78a6tPBblKvvBJew,speakeasies,Speakeasies
j9a6xr78a6tPBblKvvBJew,mexican,Mexican
446l_JghlLeekhd7_blMag,persian,Persian/Iranian
446l_JghlLeekhd7_blMag,tapasmallplates,Tapas/Small Plates
446l_JghlLeekhd7_blMag,cocktailbars,Cocktail Bars
QxDdGjCKz7WZcQ7sBmXcuw,korean,Korean
QxDdGjCKz7WZcQ7sBmXcuw,steak,Steakhouses
1aD88qNRb08LGBkl84GQTA,coffee,Coffee & Tea
1aD88qNRb08LGBkl84GQTA,breakfast_brunch,Breakfast & Brunch
1aD88qNRb08LGBkl84GQTA,sandwiches,Sandwiches
FhXjAc6nKLf414KxYujUHw,pizza,Pizza
FhXjAc6nKLf414KxYujUHw,italian,Italian
VdAVjghEq_Zl-DDte0mjrw,breakfast_brunch,Breakfast & Brunch
VdAVjghEq_Zl-DDte0mjrw,japanese,Japanese
VdAVjghEq_Zl-DDte0mjrw,coffee,Coffee & Tea
pk89jzL1RsE9U0thf_z6tw,italian,Italian
pk89jzL1RsE9U0thf_z6tw,cocktailbars,Cocktail Bars
pk89jzL1RsE9U0thf_z6tw,breakfast_brunch,Breakfast & Brunch
gSgfaUH36TarRiV9j3f56Q,lebanese,Lebanese
gSgfaUH36TarRiV9j3f56Q,cafes,Cafes
V95hnN4N2vw1ph2mDxIA7w,korean,Korean
wGFSTTB6b4MHJJUzBnVJeg,thai,Thai
wGFSTTB6b4MHJJUzBnVJeg,cocktailbars,Cocktail Bars
wGFSTTB6b4MHJJUzBnVJeg,halal,Halal
M-4J09S14mPsH1EJrnR1Og,szechuan,Szechuan
M-4J09S14mPsH1EJrnR1Og,hotpot,Hot Pot
4pj4ol7lXiytDD-BTKe3kg,mexican,Mexican
4pj4ol7lXiytDD-BTKe3kg,cocktailbars,Cocktail Bars
4pj4ol7lXiytDD-BTKe3kg,breakfast_brunch,Breakfast & Brunch
vpkUUhs6dCnGeD-Vz0D29Q,korean,Korean
vpkUUhs6dCnGeD-Vz0D29Q,cocktailbars,Cocktail Bars
vpkUUhs6dCnGeD-Vz0D29Q,bbq,Barbeque
U6l20gH8YuOJMO8vF6_Ufw,mexican,Mexican
U6l20gH8YuOJMO8vF6_Ufw,bars,Bars
R3fMQtSL0MrMUyW_Q32oNw,lebanese,Lebanese
R3fMQtSL0MrMUyW_Q32oNw,mediterranean,Mediterranean
d8zSYpArh4oXpxeJWNA4Pg,vegetarian,Vegetarian
d8zSYpArh4oXpxeJWNA4Pg,moroccan,Moroccan
d8zSYpArh4oXpxeJWNA4Pg,greek,Greek
G5NGf9U3B7uRZREhdt7VYg,mediterranean,Mediterranean
G5NGf9U3B7uRZREhdt7VYg,vinyl_records,Vinyl Records
rpIMYwZhRJZKl0-AUgUrjw,bars,Bars
rpIMYwZhRJZKl0-AUgUrjw,dimsum,Dim Sum
rpIMYwZhRJZKl0-AUgUrjw,venues,Venues & Event Spaces
OsA5iRphHwPlYNhdddvBng,wine_bars,Wine Bars
OsA5iRphHwPlYNhdddvBng,tapasmallplates,Tapas/Small Plates
OsA5iRphHwPlYNhdddvBng,newamerican,American (New)
IhSVn0TaX8xXb3wcQ-fgcA,chinese,Chinese
yGFQFm3O9vCsKTVpvmDuGg,newamerican,American (New)
yGFQFm3O9vCsKTVpvmDuGg,breakfast_brunch,Breakfast & Brunch
XQiIGgSjx3wIxvvzOZP9Cw,newamerican,American (New)
XQiIGgSjx3wIxvvzOZP9Cw,karaoke,Karaoke
BNaveJmi-OUGKG9sRfrIhA,dimsum,Dim Sum
BNaveJmi-OUGKG9sRfrIhA,seafood,Seafood
F4iMhTJ5E5bgc7yCg-PfqQ,french,French
F4iMhTJ5E5bgc7yCg-PfqQ,japanese,Japanese
z0lX40tXQxOHlU26VhLATA,seafood,Seafood
z0lX40tXQxOHlU26VhLATA,cocktailbars,Cocktail Bars
z0lX40tXQxOHlU26VhLATA,newamerican,American (New)
0jpfuQhu38nnP4kMMxJeJg,fishnchips,Fish & Chips
0jpfuQhu38nnP4kMMxJeJg,juicebars,Juice Bars & Smoothies
0jpfuQhu38nnP4kMMxJeJg,seafood,Seafood
v8G2Tik6eXhS63Es_4sveA,italian,Italian
v8G2Tik6eXhS63Es_4sveA,cocktailbars,Cocktail Bars
iKW9zBGWfE9CM6MfK0UtjA,chinese,Chinese
iKW9zBGWfE9CM6MfK0UtjA,desserts,Desserts
9mWw-sK4RjSPYRHQN_S9ZQ,filipino,Filipino
11Nbr2oTRB5Uqi36L8if8g,french,French
11Nbr2oTRB5Uqi36L8if8g,newamerican,American (New)
11Nbr2oTRB5Uqi36L8if8g,cocktailbars,Cocktail Bars
Pe4cQ65ZJ9qS8JQZVkJz4g,japanese,Japanese
Pe4cQ65ZJ9qS8JQZVkJz4g,hotpot,Hot Pot
an8TuHRg0e3cgiAE705ZDA,italian,Italian
an8TuHRg0e3cgiAE705ZDA,pizza,Pizza
IErfGS0DASSJfYU73m0Sqg,italian,Italian
x8slUOJxMX2EJ0YUU0rrSg,breakfast_brunch,Breakfast & Brunch
x8slUOJxMX2EJ0YUU0rrSg,coffee,Coffee & Tea
x8slUOJxMX2EJ0YUU0rrSg,acaibowls,Acai Bowls
qteT5_nQApruxEzQ7IhrAQ,greek,Greek
qteT5_nQApruxEzQ7IhrAQ,wine_bars,Wine Bars
qteT5_nQApruxEzQ7IhrAQ,cocktailbars,Cocktail Bars
mlm40NxsVJUPnh3LTayaaw,italian,Italian
mlm40NxsVJUPnh3LTayaaw,cocktailbars,Cocktail Bars
mlm40NxsVJUPnh3LTayaaw,asianfusion,Asian Fusion
CFR-HzVHKWRMpMAR3LAhzg,italian,Italian
CFR-HzVHKWRMpMAR3LAhzg,pizza,Pizza
CFR-HzVHKWRMpMAR3LAhzg,bars,Bars
CDywb3LHVYZlQL2-woTiJA,australian,Australian
CDywb3LHVYZlQL2-woTiJA,breakfast_brunch,Breakfast & Brunch
CDywb3LHVYZlQL2-woTiJA,coffee,Coffee & Tea
RfxOtJ4SQmEeVX_XjFLWUQ,newamerican,American (New)
RfxOtJ4SQmEeVX_XjFLWUQ,cocktailbars,Cocktail Bars
6YehBdKHcLDsvaewhcEjFQ,dimsum,Dim Sum
6YehBdKHcLDsvaewhcEjFQ,cantonese,Cantonese
nOjGNqPcu5jHRRElOndQqQ,seafood,Seafood
eMSTTuOUlKEnSOr8lPp3Xg,cocktailbars,Cocktail Bars
eMSTTuOUlKEnSOr8lPp3Xg,italian,Italian
eMSTTuOUlKEnSOr8lPp3Xg,wine_bars,Wine Bars
ybAfKElsgVcm60sS-39zyA,diners,Diners
ybAfKElsgVcm60sS-39zyA,newamerican,American (New)
gZz9A8k8ORC_xl0aHxtY4w,tradamerican,American (Traditional)
gZz9A8k8ORC_xl0aHxtY4w,bars,Bars
Wx6lMnEh7dCmX-9PQF1Ifw,mexican,Mexican
33aXjbj8dFwwyoeZonhN2Q,newamerican,American (New)
33aXjbj8dFwwyoeZonhN2Q,wine_bars,Wine Bars
33aXjbj8dFwwyoeZonhN2Q,tapasmallplates,Tapas/Small Plates
9pI_G9xGiTY4YCcfe9eoPA,french,French
FXYsBqMu2q1dhJYQg_FfAA,italian,Italian
FXYsBqMu2q1dhJYQg_FfAA,wine_bars,Wine Bars
FXYsBqMu2q1dhJYQg_FfAA,pizza,Pizza
XEugUtbw4rRmGr9S1XA-aQ,tapas,Tapas Bars
XEugUtbw4rRmGr9S1XA-aQ,mediterranean,Mediterranean
XEugUtbw4rRmGr9S1XA-aQ,spanish,Spanish
hMd4Z5j1I25ffLm81MeluQ,vegan,Vegan
hMd4Z5j1I25ffLm81MeluQ,vegetarian,Vegetarian
bZQryeTD6hIsT6lSUxzSSw,vietnamese,Vietnamese
d7pLL2k__WFcqtQ3cqfpHw,korean,Korean
wcrra8bgoqXVcZpMM5fE1g,malaysian,Malaysian
83zDAk03lFXkgImgkLhT9w,bars,Bars
83zDAk03lFXkgImgkLhT9w,szechuan,Szechuan
B2X53VuOuLyXe0OsGY-ZzA,italian,Italian
B2X53VuOuLyXe0OsGY-ZzA,wine_bars,Wine Bars
B2X53VuOuLyXe0OsGY-ZzA,cocktailbars,Cocktail Bars
xQag1K9NezcXdXXn2AZcqA,korean,Korean
xQag1K9NezcXdXXn2AZcqA,cajun,Cajun/Creole
PqqnNrUtU7XTKQvUM4cyqQ,mexican,Mexican
PqqnNrUtU7XTKQvUM4cyqQ,vegan,Vegan
PqqnNrUtU7XTKQvUM4cyqQ,gluten_free,Gluten-Free
jlbtOUU-dmPwLwSYXal2oQ,tradamerican,American (Traditional)
jlbtOUU-dmPwLwSYXal2oQ,cocktailbars,Cocktail Bars
jlbtOUU-dmPwLwSYXal2oQ,beerbar,Beer Bar
CB-7kZ9u5fzhzYwPAIcelQ,sushi,Sushi Bars
CB-7kZ9u5fzhzYwPAIcelQ,japanese,Japanese
CB-7kZ9u5fzhzYwPAIcelQ,asianfusion,Asian Fusion
wpT1QU7PSQgQQ1DkzI00JA,tapasmallplates,Tapas/Small Plates
wpT1QU7PSQgQQ1DkzI00JA,izakaya,Izakaya
wpT1QU7PSQgQQ1DkzI00JA,bars,Bars
ZWDE2LJ3EK0VrAS-1m0XlQ,newamerican,American (New)
ZWDE2LJ3EK0VrAS-1m0XlQ,cocktailbars,Cocktail Bars
ZWDE2LJ3EK0VrAS-1m0XlQ,breakfast_brunch,Breakfast & Brunch
s5N-w7EPY3DA68id5qycyA,tapasmallplates,Tapas/Small Plates
s5N-w7EPY3DA68id5qycyA,mediterranean,Mediterranean
s5N-w7EPY3DA68id5qycyA,breakfast_brunch,Breakfast & Brunch
JwCnSW-RQ7_DxvbzWNO1hA,vegan,Vegan
JwCnSW-RQ7_DxvbzWNO1hA,vegetarian,Vegetarian
JwCnSW-RQ7_DxvbzWNO1hA,italian,Italian
JRQBzjWWijnJAb0SLqHaxQ,thai,Thai
zyxI5ko5Dpkqi9q5oSGa9w,cocktailbars,Cocktail Bars
zyxI5ko5Dpkqi9q5oSGa9w,seafood,Seafood
vLsTPg42rkgN5rUpNfg1OA,hotpot,Hot Pot
vLsTPg42rkgN5rUpNfg1OA,szechuan,Szechuan
cE7xZRpa8HLtGNtVhomysQ,bars,Bars
cE7xZRpa8HLtGNtVhomysQ,pizza,Pizza
cE7xZRpa8HLtGNtVhomysQ,salad,Salad
lT-yNq6BW2vonJ9Ik-T5vg,ramen,Ramen
JYbrQqYd-8iGBWIAAHKBRA,cafes,Cafes
JYbrQqYd-8iGBWIAAHKBRA,breakfast_brunch,Breakfast & Brunch
JYbrQqYd-8iGBWIAAHKBRA,australian,Australian
bAmZzoqtc2QftmvQ2iE4BA,french,French
Xk3BVvlX-KXh6kJhbClMKw,newamerican,American (New)
Xk3BVvlX-KXh6kJhbClMKw,jazzandblues,Jazz & Blues
Xk3BVvlX-KXh6kJhbClMKw,lounges,Lounges
XPbcjRWxumT4ZQr-7uqOAw,tacos,Tacos
Ry9w-jFALWYhazi6jjyIKw,italian,Italian
Ry9w-jFALWYhazi6jjyIKw,diners,Diners
Ry9w-jFALWYhazi6jjyIKw,breakfast_brunch,Breakfast & Brunch
h77VtGL7BCXvAALx-ZFbVA,greek,Greek
h77VtGL7BCXvAALx-ZFbVA,mediterranean,Mediterranean
a0IET3_yCFcO36OqGSsisg,italian,Italian
a0IET3_yCFcO36OqGSsisg,pizza,Pizza
a0IET3_yCFcO36OqGSsisg,grocery,Grocery
zkqlyrVUYZaYpgiezUNKsw,bars,Bars
zkqlyrVUYZaYpgiezUNKsw,seafood,Seafood
zkqlyrVUYZaYpgiezUNKsw,fondue,Fondue
LkV96_buOU_n0br4SBO57w,italian,Italian
LkV96_buOU_n0br4SBO57w,bars,Bars
LkV96_buOU_n0br4SBO57w,pizza,Pizza
9Ke2V1SJVOPyr4z3Bj4_IQ,bars,Bars
9Ke2V1SJVOPyr4z3Bj4_IQ,newamerican,American (New)
4qiX3E2WEsj7qz4fmrR-uQ,korean,Korean
4qiX3E2WEsj7qz4fmrR-uQ,newamerican,American (New)
4qiX3E2WEsj7qz4fmrR-uQ,cocktailbars,Cocktail Bars
fiPKqhW7BGq3aURuLPQn9Q,chickenshop,Chicken Shop
fiPKqhW7BGq3aURuLPQn9Q,halal,Halal
fiPKqhW7BGq3aURuLPQn9Q,waffles,Waffles
nKjEA5nW5zm2MjD2ukdTtQ,newamerican,American (New)
nKjEA5nW5zm2MjD2ukdTtQ,vegetarian,Vegetarian
nKjEA5nW5zm2MjD2ukdTtQ,vegan,Vegan
OkiPb6gNNRmcbB4zIIMx0g,wine_bars,Wine Bars
OkiPb6gNNRmcbB4zIIMx0g,french,French
OkiPb6gNNRmcbB4zIIMx0g,tapasmallplates,Tapas/Small Plates
HXdrokG5I_x0zRIj6Skb8A,sandwiches,Sandwiches
HXdrokG5I_x0zRIj6Skb8A,vietnamese,Vietnamese
HXdrokG5I_x0zRIj6Skb8A,noodles,Noodles
Q9F2ocrmYuGt1yn3M7MOBw,pizza,Pizza
WIhm0W9197f_rRtDziq5qQ,pizza,Pizza
CtvP-NlWliuvUEmH1d22og,tapas,Tapas Bars
CtvP-NlWliuvUEmH1d22og,tapasmallplates,Tapas/Small Plates
CtvP-NlWliuvUEmH1d22og,vermouthbars,Vermouth Bars
jnEv25Y2DosTq2sNnvmC9g,tacos,Tacos
VmdyRRMtUXOWV7F7w0ImwQ,sicilian,Sicilian
llaJFX_qOWTrlcXBZR0RyA,italian,Italian
llaJFX_qOWTrlcXBZR0RyA,bars,Bars
Ucg3flg-2tJAahEePIoigQ,lebanese,Lebanese
Ucg3flg-2tJAahEePIoigQ,seafood,Seafood
Ucg3flg-2tJAahEePIoigQ,cocktailbars,Cocktail Bars
JrVz85x20SmqGiCjtzFBjg,chickenshop,Chicken Shop
GG72AwlaBM90YdLvRJliFg,japanese,Japanese
ZwER8TyQH70ACI-nIG682g,indpak,Indian
uSS5cbcb_KLoXE5yzwjI6w,mexican,Mexican
uSS5cbcb_KLoXE5yzwjI6w,cocktailbars,Cocktail Bars
fX_E2J6LqK6u77zNa8xyJQ,korean,Korean
5tWpAFpF618KJxBhHJzF7g,hkcafe,Hong Kong Style Cafe
5tWpAFpF618KJxBhHJzF7g,noodles,Noodles
5tWpAFpF618KJxBhHJzF7g,chinese,Chinese
wTQYOTh9_JPI2I8s6Xc-Cw,cocktailbars,Cocktail Bars
wTQYOTh9_JPI2I8s6Xc-Cw,newamerican,American (New)
wTQYOTh9_JPI2I8s6Xc-Cw,seafood,Seafood
KvTQp5VJv447vwjMxSmL2w,hotpot,Hot Pot
KvTQp5VJv447vwjMxSmL2w,buffets,Buffets
xJuKTbInUnTsLINLLH8ehw,thai,Thai
xJuKTbInUnTsLINLLH8ehw,wine_bars,Wine Bars
DoSU8IPq-Py_YV3kYmXPfQ,italian,Italian
rgT1QspkBHKHb7MlliBeuA,scandinavian,Scandinavian
yCfjoS6XfnP8hd9zWjME7Q,australian,Australian
yCfjoS6XfnP8hd9zWjME7Q,cafes,Cafes
yCfjoS6XfnP8hd9zWjME7Q,breakfast_brunch,Breakfast & Brunch
WOudghOPELKUcvdPKsEmTA,bars,Bars
WOudghOPELKUcvdPKsEmTA,seafood,Seafood
JjomQ2VCojutXJQeGVt-QA,food_court,Food Court
ihBRikaKYVdJ7M0gVEGjZg,thai,Thai
UC3n_0vZ5zI1fvi7UzNZAg,thai,Thai
UC3n_0vZ5zI1fvi7UzNZAg,cocktailbars,Cocktail Bars
UC3n_0vZ5zI1fvi7UzNZAg,seafood,Seafood
6xL5htjdKmPmM-Y9A2n2Pg,brazilian,Brazilian
6xL5htjdKmPmM-Y9A2n2Pg,breakfast_brunch,Breakfast & Brunch
6xL5htjdKmPmM-Y9A2n2Pg,cocktailbars,Cocktail Bars
GMcyB6-zdMxDchGxyDEsWA,cocktailbars,Cocktail Bars
GMcyB6-zdMxDchGxyDEsWA,newamerican,American (New)
_Jgmhw0ywyoGyglPwB1xGA,tradamerican,American (Traditional)
_Jgmhw0ywyoGyglPwB1xGA,comfortfood,Comfort Food
_Jgmhw0ywyoGyglPwB1xGA,breakfast_brunch,Breakfast & Brunch
y1IO4qD7kTxjBT9WVJldqw,breakfast_brunch,Breakfast & Brunch
y1IO4qD7kTxjBT9WVJldqw,coffeeroasteries,Coffee Roasteries
gXnC_aZR09BvqEQKGKFjBg,korean,Korean
-pcCiCeyK4cvLtnkcF9T5Q,bars,Bars
-pcCiCeyK4cvLtnkcF9T5Q,sandwiches,Sandwiches
-pcCiCeyK4cvLtnkcF9T5Q,tapasmallplates,Tapas/Small Plates
aGzAT0zHj7zmlj0rJO8Jkw,latin,Latin American
4KHjnRNvrkKHchEznhlnSA,southern,Southern
4KHjnRNvrkKHchEznhlnSA,breakfast_brunch,Breakfast & Brunch
4KHjnRNvrkKHchEznhlnSA,chickenshop,Chicken Shop
1KUNmKfN9r1-m-NzRMeyQQ,coffee,Coffee & Tea
1KUNmKfN9r1-m-NzRMeyQQ,cakeshop,Patisserie/Cake Shop
1KUNmKfN9r1-m-NzRMeyQQ,waffles,Waffles
FFzCto6PhZYZGUZLOICbTg,ramen,Ramen
FFzCto6PhZYZGUZLOICbTg,noodles,Noodles
6mYQzAdPxa4S1ZtvjST1eg,pizza,Pizza
SULHf6nGQ8sK0UpG1XU30w,tacos,Tacos
kpxXi23lUQkeJQH-2BtzDw,mideastern,Middle Eastern
kpxXi23lUQkeJQH-2BtzDw,coffee,Coffee & Tea
eqGAMKmsnQpk7VSggxFG-Q,cocktailbars,Cocktail Bars
eqGAMKmsnQpk7VSggxFG-Q,tapas,Tapas Bars
OwV-MtDBC2H08rVcBqP2mA,latin,Latin American
OwV-MtDBC2H08rVcBqP2mA,peruvian,Peruvian
nnMEtKLL0lyaXyXACRkVEQ,newamerican,American (New)
wYpRCIoybdjZ6sZblkAxqA,noodles,Noodles
wYpRCIoybdjZ6sZblkAxqA,soup,Soup
wYpRCIoybdjZ6sZblkAxqA,dimsum,Dim Sum
T1r3CMfoIDQf56FRZsU31w,newamerican,American (New)
T1r3CMfoIDQf56FRZsU31w,cocktailbars,Cocktail Bars
T1r3CMfoIDQf56FRZsU31w,breakfast_brunch,Breakfast & Brunch
dFAuN-KEwWg-6sdBu7KuWw,fooddeliveryservices,Food Delivery Services
dFAuN-KEwWg-6sdBu7KuWw,burgers,Burgers
-J8VuX3wGrYSOBu2G0hMsw,japanese,Japanese
EF4M55USa1ZNy1rP5Kuk2w,french,French
EF4M55USa1ZNy1rP5Kuk2w,desserts,Desserts
EF4M55USa1ZNy1rP5Kuk2w,cocktailbars,Cocktail Bars
bNO0801dOoSSFJuDdTDzYQ,mideastern,Middle Eastern
bNO0801dOoSSFJuDdTDzYQ,sandwiches,Sandwiches
bNO0801dOoSSFJuDdTDzYQ,salad,Salad
ZtG0r53UREfzqwUOzhka0g,thai,Thai
ZtG0r53UREfzqwUOzhka0g,seafood,Seafood
pREotiEdCIV1GKSp_pLgNA,thai,Thai
wCj2FSi9o6iosMIMNIIZsA,lounges,Lounges
wCj2FSi9o6iosMIMNIIZsA,italian,Italian
wCj2FSi9o6iosMIMNIIZsA,wine_bars,Wine Bars
FZpm4_fbd6P984foOUejWg,korean,Korean
FZpm4_fbd6P984foOUejWg,bbq,Barbeque
FZpm4_fbd6P984foOUejWg,bars,Bars
zwWksgd8M4-g7RBmVudYTg,mexican,Mexican
zwWksgd8M4-g7RBmVudYTg,cocktailbars,Cocktail Bars
R8V6kbUtyfPAwNNu46vMvg,chinese,Chinese
R8V6kbUtyfPAwNNu46vMvg,noodles,Noodles
0moBSyrTezcT3uePV74nug,newamerican,American (New)
0moBSyrTezcT3uePV74nug,salad,Salad
0moBSyrTezcT3uePV74nug,cocktailbars,Cocktail Bars
md5mjDamLsh1uxHDU9PfGA,korean,Korean
aHZd9c078Vyq8RMSau1MCQ,pizza,Pizza
34LM8_lP8iwizHBu6YgaQQ,newmexican,New Mexican Cuisine
2u8T56A4qu-MjeuT-v7s_g,mexican,Mexican
2u8T56A4qu-MjeuT-v7s_g,latin,Latin American
2u8T56A4qu-MjeuT-v7s_g,cocktailbars,Cocktail Bars
mIbmzqQ473BUF8cngXXs_Q,dimsum,Dim Sum
mIbmzqQ473BUF8cngXXs_Q,cocktailbars,Cocktail Bars
nXQzSDnFKvzotm8pRpBYqA,bars,Bars
nXQzSDnFKvzotm8pRpBYqA,seafood,Seafood
nXQzSDnFKvzotm8pRpBYqA,caribbean,Caribbean
LztkKM-lvRraBbS9TVXzcg,noodles,Noodles
LztkKM-lvRraBbS9TVXzcg,chinese,Chinese
fRdTURZB-dROg5dIIDGDLA,wine_bars,Wine Bars
fRdTURZB-dROg5dIIDGDLA,seafood,Seafood
4lvM8_IWe_TgSszfwhmrdg,mideastern,Middle Eastern
4lvM8_IWe_TgSszfwhmrdg,breakfast_brunch,Breakfast & Brunch
4lvM8_IWe_TgSszfwhmrdg,mediterranean,Mediterranean
hmG5OnHEe2vQRrQxez0U9w,bars,Bars
hmG5OnHEe2vQRrQxez0U9w,tradamerican,American (Traditional)
hmG5OnHEe2vQRrQxez0U9w,breakfast_brunch,Breakfast & Brunch
lMVakXbCgZmPV5Wg8XysYA,thai,Thai
DhBhEWMVLDxYF14a1znUvA,wine_bars,Wine Bars
DhBhEWMVLDxYF14a1znUvA,mediterranean,Mediterranean
DhBhEWMVLDxYF14a1znUvA,cocktailbars,Cocktail Bars
dbxrlDoBwR6br4htUy8YpA,newamerican,American (New)
_0WFGjXuenlBixOlbSlGeQ,newamerican,American (New)
_0WFGjXuenlBixOlbSlGeQ,cocktailbars,Cocktail Bars
WlRZ4JEAVqtemQ5WQhFAFg,japanese,Japanese
WlRZ4JEAVqtemQ5WQhFAFg,korean,Korean
3eBV6HwWcdHzJW3sUH-2hw,ramen,Ramen
3eBV6HwWcdHzJW3sUH-2hw,noodles,Noodles
3eBV6HwWcdHzJW3sUH-2hw,desserts,Desserts
AIrNQUhEfFIWlRxfoPDZng,turkish,Turkish
AIrNQUhEfFIWlRxfoPDZng,seafood,Seafood
AIrNQUhEfFIWlRxfoPDZng,tapasmallplates,Tapas/Small Plates
VzstANC68PM1BbyOcDXEtw,japanese,Japanese
VzstANC68PM1BbyOcDXEtw,seafood,Seafood
VzstANC68PM1BbyOcDXEtw,desserts,Desserts
eb6KHglt70janbTewtIi4A,italian,Italian
V3dHB6xAdd8_dH7t481PAw,steak,Steakhouses
V3dHB6xAdd8_dH7t481PAw,wine_bars,Wine Bars
V3dHB6xAdd8_dH7t481PAw,french,French
k9i7G5WBJV-ohHyvHP7FAg,modern_european,Modern European
3g9SHbgTEyBgSH5ciWZPFQ,pizza,Pizza
MZefspjixvG5cjXbOHhAIA,sushi,Sushi Bars
GA5msU6NO9rQRctPfDJCBg,southern,Southern
GA5msU6NO9rQRctPfDJCBg,tradamerican,American (Traditional)
GA5msU6NO9rQRctPfDJCBg,bars,Bars
hyHTPlD20dVrO32Y-1Xc7Q,french,French
kHeakps7Gj8EaImiOYaX8g,french,French
JAL8di-znskAHDTrLIdhfg,cafes,Cafes
JAL8di-znskAHDTrLIdhfg,mexican,Mexican
ZamvzoxEKiJEboO0ZUdogw,italian,Italian
FKLNX5j_byvdkliG0-ygCA,japanese,Japanese
2Nwmd7-1d1rI6lb9QSSYYA,italian,Italian
2Nwmd7-1d1rI6lb9QSSYYA,bars,Bars
UUkSQzJVsbOla6Os9NZT9Q,peruvian,Peruvian
UUkSQzJVsbOla6Os9NZT9Q,cocktailbars,Cocktail Bars
UUkSQzJVsbOla6Os9NZT9Q,latin,Latin American
W2CqfHWZoOiRuW2jt1J-xQ,turkish,Turkish
W2CqfHWZoOiRuW2jt1J-xQ,kebab,Kebab
W2CqfHWZoOiRuW2jt1J-xQ,sandwiches,Sandwiches
9UkHgv9R3LakP0vNj6DMIg,thai,Thai
Iecc3o2fy5vprsGZOeD1iw,food_court,Food Court
WoAvunLY0_L0ix8Vgit8gQ,tapasmallplates,Tapas/Small Plates
WoAvunLY0_L0ix8Vgit8gQ,newamerican,American (New)
WoAvunLY0_L0ix8Vgit8gQ,cocktailbars,Cocktail Bars
7_hGsGEkHrjgAiYVjrCFnw,italian,Italian
4yPqqJDJOQX69gC66YUDkA,steak,Steakhouses
wDLHOgux_G8Y82Y6D9rSog,french,French
wDLHOgux_G8Y82Y6D9rSog,asianfusion,Asian Fusion
Er9SlDRdxit2qVHwfg-lsw,caribbean,Caribbean
Er9SlDRdxit2qVHwfg-lsw,african,African
O1XrvIq-6IlLunLYEjOiFQ,tapasmallplates,Tapas/Small Plates
O1XrvIq-6IlLunLYEjOiFQ,izakaya,Izakaya
O1XrvIq-6IlLunLYEjOiFQ,ramen,Ramen
TINmdFoqN8zm1MUpgRt7Jw,izakaya,Izakaya
TINmdFoqN8zm1MUpgRt7Jw,filipino,Filipino
TINmdFoqN8zm1MUpgRt7Jw,cocktailbars,Cocktail Bars
ZaJS8EKQNSaQpwpmgN-vVw,japanese,Japanese
ZaJS8EKQNSaQpwpmgN-vVw,noodles,Noodles
OBRYVNn2FRhVCCadoFepBQ,newamerican,American (New)
OBRYVNn2FRhVCCadoFepBQ,desserts,Desserts
OBRYVNn2FRhVCCadoFepBQ,breakfast_brunch,Breakfast & Brunch
Pr-q47vsmM4aoc2t_Sfk8w,newamerican,American (New)
Pr-q47vsmM4aoc2t_Sfk8w,noodles,Noodles
Pr-q47vsmM4aoc2t_Sfk8w,ramen,Ramen
AjlmpAQV8W4--y0EksO-9g,poke,Poke
AjlmpAQV8W4--y0EksO-9g,asianfusion,Asian Fusion
AjlmpAQV8W4--y0EksO-9g,salad,Salad
iSjPBJRiWqrgxW7ZM3CGig,szechuan,Szechuan
_ikAduS3A3h0o0ne1-ViOA,gastropubs,Gastropubs
_ikAduS3A3h0o0ne1-ViOA,irish_pubs,Irish Pub
xuAtvWwGXfWGnxYK5hYvZg,tea,Tea Rooms
xuAtvWwGXfWGnxYK5hYvZg,japanese,Japanese
xuAtvWwGXfWGnxYK5hYvZg,giftshops,Gift Shops
qjCl34rJ0zVUHaZ1irb8FA,mexican,Mexican
LQHegfNHe7ylY3bocrFlpg,cuban,Cuban
LQHegfNHe7ylY3bocrFlpg,cocktailbars,Cocktail Bars
LQHegfNHe7ylY3bocrFlpg,sandwiches,Sandwiches
FCl1oedd00-ABVcpahvj9g,cocktailbars,Cocktail Bars
FCl1oedd00-ABVcpahvj9g,korean,Korean
P9x0uX9nmPCph1mWM3k4vg,cocktailbars,Cocktail Bars
P9x0uX9nmPCph1mWM3k4vg,tapas,Tapas Bars
0nVEQOxDq4SwrVctOegRNw,cuban,Cuban
78TCGIG1eHMYdyvMpFdDbQ,wine_bars,Wine Bars
78TCGIG1eHMYdyvMpFdDbQ,italian,Italian
78TCGIG1eHMYdyvMpFdDbQ,pizza,Pizza
5IGFJRN06HiclnivxaFThQ,spanish,Spanish
5IGFJRN06HiclnivxaFThQ,basque,Basque
edoYWAuw3lCsNAUr_8id2w,bbq,Barbeque
edoYWAuw3lCsNAUr_8id2w,dominican,Dominican
edoYWAuw3lCsNAUr_8id2w,foodstands,Food Stands
qnkdR4GDnQ7b-jDAfD5HUg,tapas,Tapas Bars
qnkdR4GDnQ7b-jDAfD5HUg,wine_bars,Wine Bars
HFIu45xr93jqchnN1YVJeQ,indpak,Indian
k0fnJRSV8tzM2bzkvFdlGg,cantonese,Cantonese
IpBG_nY_opO9Zy-xNBEQCg,mexican,Mexican
IpBG_nY_opO9Zy-xNBEQCg,cafes,Cafes
diiUjS6uHvbQRoiWOGKXsA,sushi,Sushi Bars
diiUjS6uHvbQRoiWOGKXsA,japanese,Japanese
diiUjS6uHvbQRoiWOGKXsA,gluten_free,Gluten-Free
5pv5lujKGaWRS1lmLh4HPw,haitian,Haitian
ntuyP7MwZiD7LHg_wW4neQ,cuban,Cuban
ntuyP7MwZiD7LHg_wW4neQ,chinese,Chinese
ntuyP7MwZiD7LHg_wW4neQ,cocktailbars,Cocktail Bars
Z-PSo5FDabBZFfep5l2xRg,modern_european,Modern European
Z-PSo5FDabBZFfep5l2xRg,bars,Bars
Z-PSo5FDabBZFfep5l2xRg,seafood,Seafood
mlGfXoxc8cEss8Yms6VrXg,bbq,Barbeque
mlGfXoxc8cEss8Yms6VrXg,cocktailbars,Cocktail Bars
TwxP5xU_xyzlf7SVzCnpuA,noodles,Noodles
TwxP5xU_xyzlf7SVzCnpuA,ramen,Ramen
TwxP5xU_xyzlf7SVzCnpuA,vegan,Vegan
xrnk8mgoV7up6fauVmugpw,ramen,Ramen
n9vGLAZhWiRGm-hWX6z7-A,turkish,Turkish
n9vGLAZhWiRGm-hWX6z7-A,german,German
Ch_m0ZPPzFJF7oi6dyk1Yw,seafood,Seafood
Ch_m0ZPPzFJF7oi6dyk1Yw,southern,Southern
cF1k0Y1tgCf4AMEaNU3_yA,foodtrucks,Food Trucks
cF1k0Y1tgCf4AMEaNU3_yA,latin,Latin American
wqdFd3DZD_uTXRW784mFkg,taiwanese,Taiwanese
wqdFd3DZD_uTXRW784mFkg,noodles,Noodles
wqdFd3DZD_uTXRW784mFkg,chinese,Chinese
KenUip4W38fN4Ua9WxsohA,cocktailbars,Cocktail Bars
KenUip4W38fN4Ua9WxsohA,tradamerican,American (Traditional)
NAlOPUbFQVE0bUu8_wmBLQ,italian,Italian
Lk3i0mZvzBBYts6BMOozDw,georgian,Georgian
Lk3i0mZvzBBYts6BMOozDw,salad,Salad
Lk3i0mZvzBBYts6BMOozDw,bars,Bars
-KfM32STVYND4v_9l1YRug,chinese,Chinese
-KfM32STVYND4v_9l1YRug,noodles,Noodles
-KfM32STVYND4v_9l1YRug,burgers,Burgers
aWkekCYI9zNA6xDwYEtYpg,asianfusion,Asian Fusion
aWkekCYI9zNA6xDwYEtYpg,dimsum,Dim Sum
aWkekCYI9zNA6xDwYEtYpg,cocktailbars,Cocktail Bars
Ve_YFyWRgtfYz0C0LQB7Xw,food_court,Food Court
Ve_YFyWRgtfYz0C0LQB7Xw,eventplanning,Party & Event Planning
bu7k1pBrfbhGzYao3YoHsg,sushi,Sushi Bars
bu7k1pBrfbhGzYao3YoHsg,japanese,Japanese
L9N9O2u_M9Daby9_myK4Yg,shanghainese,Shanghainese
Zk4g6hOWGtDze9CgjLcopg,restaurants,Restaurants
xzN2k19JXDYjOWAhNw62aw,italian,Italian
xzN2k19JXDYjOWAhNw62aw,pizza,Pizza
xzN2k19JXDYjOWAhNw62aw,lounges,Lounges
srqlsWg0od6soGI2Zf8mXA,cocktailbars,Cocktail Bars
srqlsWg0od6soGI2Zf8mXA,newamerican,American (New)
srqlsWg0od6soGI2Zf8mXA,breakfast_brunch,Breakfast & Brunch
_QYgfFhomwKBbKWfOKcatw,newamerican,American (New)
_QYgfFhomwKBbKWfOKcatw,steak,Steakhouses
_QYgfFhomwKBbKWfOKcatw,seafood,Seafood
Ck09FempamAKGSPsV_bX-A,mexican,Mexican
Ck09FempamAKGSPsV_bX-A,tapasmallplates,Tapas/Small Plates
Ck09FempamAKGSPsV_bX-A,cocktailbars,Cocktail Bars
l7G5tDA96xbA_bx1ZgkOeg,ramen,Ramen
l7G5tDA96xbA_bx1ZgkOeg,noodles,Noodles
l7G5tDA96xbA_bx1ZgkOeg,soup,Soup
1Q3oaJahyGRogDWgpo7PIw,newamerican,American (New)
1Q3oaJahyGRogDWgpo7PIw,coffee,Coffee & Tea
1Q3oaJahyGRogDWgpo7PIw,bars,Bars
-aievhVzik4nHkxQFXFUrg,caribbean,Caribbean
-aievhVzik4nHkxQFXFUrg,bars,Bars
-aievhVzik4nHkxQFXFUrg,chicken_wings,Chicken Wings
nI1UYDCYUTt23TpGxqnLKg,chinese,Chinese
nI1UYDCYUTt23TpGxqnLKg,bars,Bars
nI1UYDCYUTt23TpGxqnLKg,asianfusion,Asian Fusion
qZZMGDMITxAmq07fU0zEuA,shanghainese,Shanghainese
qZZMGDMITxAmq07fU0zEuA,dimsum,Dim Sum
qZZMGDMITxAmq07fU0zEuA,soup,Soup
dpo_TBvuRi2nEzuVdO4AiQ,thai,Thai
g7qtHQ_121mYWUdu3VWlrA,thai,Thai
g7qtHQ_121mYWUdu3VWlrA,bars,Bars
g7qtHQ_121mYWUdu3VWlrA,tapasmallplates,Tapas/Small Plates
9K0run3oObR0YT4jaOEvWg,italian,Italian
jnHbdsqlTKlPcmJ8BCP9-g,italian,Italian
Y75eWf_XLLtKky8p7J08Lg,cafes,Cafes
Y75eWf_XLLtKky8p7J08Lg,cocktailbars,Cocktail Bars
Y75eWf_XLLtKky8p7J08Lg,australian,Australian
txKDRVyFvArVLH1pvwUwtg,peruvian,Peruvian
EHINHIbLklEUShuANKjGgw,wine_bars,Wine Bars
EHINHIbLklEUShuANKjGgw,spanish,Spanish
EHINHIbLklEUShuANKjGgw,tapas,Tapas Bars
d8qCvlsG3jwxQPZc_OGogQ,japanese,Japanese
d8qCvlsG3jwxQPZc_OGogQ,sushi,Sushi Bars
_6ppndL8xhUBvylCur6fag,filipino,Filipino
SmLFW1Ncg26KfVRVX3GVFQ,newamerican,American (New)
SmLFW1Ncg26KfVRVX3GVFQ,korean,Korean
hhXZ6bgJ8EkWlp8AGZwtcQ,italian,Italian
i8F0fnempD5fTb2CxbwKDw,izakaya,Izakaya
i8F0fnempD5fTb2CxbwKDw,tapasmallplates,Tapas/Small Plates
i8F0fnempD5fTb2CxbwKDw,ramen,Ramen
5ZgCfc1_fotAKUp7n3YJkQ,japanese,Japanese
5ZgCfc1_fotAKUp7n3YJkQ,sushi,Sushi Bars
5ZgCfc1_fotAKUp7n3YJkQ,cocktailbars,Cocktail Bars
KxOAVoyJ55G-gEQqhnBpAQ,sushi,Sushi Bars
2_3W7NFFN3m4U_8ffgEuyQ,italian,Italian
2_3W7NFFN3m4U_8ffgEuyQ,bars,Bars
2_3W7NFFN3m4U_8ffgEuyQ,sandwiches,Sandwiches
HaDG1Ymi8NVapPBfF4Uqiw,japanese,Japanese
HaDG1Ymi8NVapPBfF4Uqiw,filipino,Filipino
JYNBy2r3LVhJbLHE1bASfg,newamerican,American (New)
JYNBy2r3LVhJbLHE1bASfg,breakfast_brunch,Breakfast & Brunch
JYNBy2r3LVhJbLHE1bASfg,cocktailbars,Cocktail Bars
8ig0yf0003DAp4YOGTlbVg,chinese,Chinese
TjsclSn2PbJ9AV3S4oiXUw,french,French
TjsclSn2PbJ9AV3S4oiXUw,wine_bars,Wine Bars
TjsclSn2PbJ9AV3S4oiXUw,cocktailbars,Cocktail Bars
GyPQy9BlW5ajyWUFYsF4Wg,seafood,Seafood
GyPQy9BlW5ajyWUFYsF4Wg,salad,Salad
GyPQy9BlW5ajyWUFYsF4Wg,pastashops,Pasta Shops
Ssi8ht_p9rXY03Rwld6EKw,seafood,Seafood
Ssi8ht_p9rXY03Rwld6EKw,newamerican,American (New)
kjItczuC-FQa-nECT9VF8A,noodles,Noodles
kjItczuC-FQa-nECT9VF8A,japanese,Japanese
kjItczuC-FQa-nECT9VF8A,sushi,Sushi Bars
YAmu8arUReBRYg9S-JqSIg,pizza,Pizza
jjDsVuD7KbxnYV4jFnyftA,korean,Korean
jjDsVuD7KbxnYV4jFnyftA,bbq,Barbeque
WHE1JDOyR_ifwmXZnvd_XQ,seafood,Seafood
TBp9gdS6xEbSQqffVZ7iag,sushi,Sushi Bars
TBp9gdS6xEbSQqffVZ7iag,japanese,Japanese
ziIb68Res3eMw7fz83yFxw,cafes,Cafes
ziIb68Res3eMw7fz83yFxw,breakfast_brunch,Breakfast & Brunch
ziIb68Res3eMw7fz83yFxw,coffee,Coffee & Tea
OOAFPiztVlStZIUDwcixqA,sandwiches,Sandwiches
OOAFPiztVlStZIUDwcixqA,mediterranean,Mediterranean
OOAFPiztVlStZIUDwcixqA,bars,Bars
6hKJePanmG9AxK4dfwgyyg,newamerican,American (New)
6hKJePanmG9AxK4dfwgyyg,bars,Bars
6hKJePanmG9AxK4dfwgyyg,venues,Venues & Event Spaces
pAqrkEtry8PFVl-_PIksnw,vegan,Vegan
pAqrkEtry8PFVl-_PIksnw,mediterranean,Mediterranean
pAqrkEtry8PFVl-_PIksnw,bars,Bars
m1LMuSbxtps7WNGM38scWA,japanese,Japanese
m1LMuSbxtps7WNGM38scWA,beerbar,Beer Bar
OFc7aHP1chwqXTgtYtbJzQ,korean,Korean
O7b3WKYglyu_3lYxN7GXRQ,ramen,Ramen
HJ4E26hDuU7cyfHXYd7Q8Q,italian,Italian
HJ4E26hDuU7cyfHXYd7Q8Q,cocktailbars,Cocktail Bars
HJ4E26hDuU7cyfHXYd7Q8Q,mediterranean,Mediterranean
vhqFa_0SG9M7Ra1OTmfB9A,bars,Bars
vhqFa_0SG9M7Ra1OTmfB9A,italian,Italian
vhqFa_0SG9M7Ra1OTmfB9A,pastashops,Pasta Shops
dNNBT-uwpq1ymSOeDf-vsA,peruvian,Peruvian
Gy-0WM4CZp39vmjIr9MbDw,newamerican,American (New)
Gy-0WM4CZp39vmjIr9MbDw,coffee,Coffee & Tea
Gy-0WM4CZp39vmjIr9MbDw,wine_bars,Wine Bars
1vAMfzO6i89lDayBT1zlLA,seafood,Seafood
1vAMfzO6i89lDayBT1zlLA,gastropubs,Gastropubs
JeCtYANe0eqW8xe1SN3lWg,chicken_wings,Chicken Wings
JeCtYANe0eqW8xe1SN3lWg,korean,Korean
JeCtYANe0eqW8xe1SN3lWg,gastropubs,Gastropubs
LseVL9WvNC2WExXIH-oGJQ,caribbean,Caribbean
LseVL9WvNC2WExXIH-oGJQ,empanadas,Empanadas
hiTfA7vnxDSLv77nl6UQXQ,newamerican,American (New)
hiTfA7vnxDSLv77nl6UQXQ,wine_bars,Wine Bars
hiTfA7vnxDSLv77nl6UQXQ,steak,Steakhouses
l0vT-Cw6JBmhhJhCOT8b0Q,korean,Korean
uUB8pP47svQpFfEN8lc2OA,sushi,Sushi Bars
uUB8pP47svQpFfEN8lc2OA,japanese,Japanese
uUB8pP47svQpFfEN8lc2OA,seafood,Seafood
wA_KKu3X36JcaUPgFjyIHg,mediterranean,Mediterranean
wA_KKu3X36JcaUPgFjyIHg,bars,Bars
UEC2N2hVWRI4r9COPLBtWg,tradamerican,American (Traditional)
UEC2N2hVWRI4r9COPLBtWg,bars,Bars
4cRcIOC8bKiaSA_7hYVW2A,streetvendors,Street Vendors
4cRcIOC8bKiaSA_7hYVW2A,breakfast_brunch,Breakfast & Brunch
4cRcIOC8bKiaSA_7hYVW2A,tex-mex,Tex-Mex
I6v7Tmb6kHS4P3ioT_xEhA,italian,Italian
I6v7Tmb6kHS4P3ioT_xEhA,pizza,Pizza
I6v7Tmb6kHS4P3ioT_xEhA,beer_and_wine,"Beer, Wine & Spirits"
zyyT2yiyxxamC-jKc0v-fg,caribbean,Caribbean
zyyT2yiyxxamC-jKc0v-fg,bars,Bars
5MpWHGQ6Qc-M4q1KL_nioA,italian,Italian
5MpWHGQ6Qc-M4q1KL_nioA,bars,Bars
5MpWHGQ6Qc-M4q1KL_nioA,tapas,Tapas Bars
Ctz5lsMnn-oT-9u0C0D-gw,jazzandblues,Jazz & Blues
Ctz5lsMnn-oT-9u0C0D-gw,restaurants,Restaurants
xt4sa64WOrpJvZBDPNPNYg,comfortfood,Comfort Food
xt4sa64WOrpJvZBDPNPNYg,southern,Southern
xt4sa64WOrpJvZBDPNPNYg,tradamerican,American (Traditional)
vVVmHacu2YAxKfpIjhfd1g,italian,Italian
vVVmHacu2YAxKfpIjhfd1g,pizza,Pizza
20Bw5MAwpmS3QJd4mx7HfQ,wine_bars,Wine Bars
20Bw5MAwpmS3QJd4mx7HfQ,spanish,Spanish
20Bw5MAwpmS3QJd4mx7HfQ,tapasmallplates,Tapas/Small Plates
jODudB8mE-udjFjloOwBoA,newamerican,American (New)
1pDgVkesCAAj8NC0aqDuzA,ethiopian,Ethiopian
IUepQmpoQxMuXBE_pbOOCA,trinidadian,Trinidadian
IUepQmpoQxMuXBE_pbOOCA,distilleries,Distilleries
7rxg-tWPc1jK7Cikn5R86g,japanese,Japanese
7rxg-tWPc1jK7Cikn5R86g,coffee,Coffee & Tea
7rxg-tWPc1jK7Cikn5R86g,bars,Bars
0LRQqNFqK78TcLnPONrGHg,sushi,Sushi Bars
8NVN6Nldm7AGoGaABBZMRw,gastropubs,Gastropubs
8NVN6Nldm7AGoGaABBZMRw,izakaya,Izakaya
8NVN6Nldm7AGoGaABBZMRw,bars,Bars
iXH9H75idkSB-Eudo5ABhg,asianfusion,Asian Fusion
zcPWqsiqaPpNh8nJXR4gpw,bars,Bars
zcPWqsiqaPpNh8nJXR4gpw,tradamerican,American (Traditional)
zcPWqsiqaPpNh8nJXR4gpw,sandwiches,Sandwiches
qjgrR5hYsdmmE6PJXCS9sQ,newmexican,New Mexican Cuisine
qjgrR5hYsdmmE6PJXCS9sQ,breakfast_brunch,Breakfast & Brunch
qjgrR5hYsdmmE6PJXCS9sQ,cocktailbars,Cocktail Bars
L9SuMN3UsGipopWOe3pr9w,szechuan,Szechuan
hyEyUk9GOwxlco3w-WU9gA,desserts,Desserts
hyEyUk9GOwxlco3w-WU9gA,breakfast_brunch,Breakfast & Brunch
hyEyUk9GOwxlco3w-WU9gA,coffee,Coffee & Tea
khIvDzZ4RO7_L4L8nk5lAQ,seafood,Seafood
khIvDzZ4RO7_L4L8nk5lAQ,cocktailbars,Cocktail Bars
khIvDzZ4RO7_L4L8nk5lAQ,desserts,Desserts
j7a5gbDe3ieLcOXQhLJRvA,vietnamese,Vietnamese
j7a5gbDe3ieLcOXQhLJRvA,noodles,Noodles
j7a5gbDe3ieLcOXQhLJRvA,icecream,Ice Cream & Frozen Yogurt
Lw044EfH1h3XhUhri3ExfA,newamerican,American (New)
Lw044EfH1h3XhUhri3ExfA,venues,Venues & Event Spaces
DW5SL9RM-kJnmRyYo4oEqg,breakfast_brunch,Breakfast & Brunch
DW5SL9RM-kJnmRyYo4oEqg,burgers,Burgers
DW5SL9RM-kJnmRyYo4oEqg,australian,Australian
kvpSqh3q7r3HK3Tw-wXGEQ,coffee,Coffee & Tea
kvpSqh3q7r3HK3Tw-wXGEQ,japanese,Japanese
kvpSqh3q7r3HK3Tw-wXGEQ,sandwiches,Sandwiches
M-AcAh1C_eQfhzGk6ZmOSQ,breakfast_brunch,Breakfast & Brunch
M-AcAh1C_eQfhzGk6ZmOSQ,coffee,Coffee & Tea
M-AcAh1C_eQfhzGk6ZmOSQ,newamerican,American (New)
b0vAwhwztNb80Zk4WJ9dBw,breakfast_brunch,Breakfast & Brunch
b0vAwhwztNb80Zk4WJ9dBw,coffee,Coffee & Tea
b0vAwhwztNb80Zk4WJ9dBw,wine_bars,Wine Bars
VFUHY1Y6pg0UaNmE3CS7cA,modern_european,Modern European
87473b6xXVwhO_XHloh30A,japanese,Japanese
87473b6xXVwhO_XHloh30A,french,French
CGnvt7JZfJDiNGhXsMUHeQ,polish,Polish
1tee7X0yLzMmEYvyLLTSMw,japanese,Japanese
zmJVC80Ad3ezkv4OBljXCw,tradamerican,American (Traditional)
zmJVC80Ad3ezkv4OBljXCw,newamerican,American (New)
zmJVC80Ad3ezkv4OBljXCw,cafes,Cafes
_nx-dSdUgmWcK8qxrGaTMw,cocktailbars,Cocktail Bars
_nx-dSdUgmWcK8qxrGaTMw,caribbean,Caribbean
pIyhj8qxJNInsVa53KUB1g,italian,Italian
pIyhj8qxJNInsVa53KUB1g,pizza,Pizza
pIyhj8qxJNInsVa53KUB1g,pastashops,Pasta Shops
WF_RB9-e0a1s2ulaPZdrqQ,coffee,Coffee & Tea
WF_RB9-e0a1s2ulaPZdrqQ,cafes,Cafes
RS2_imjEBK3H5fc-mCwZng,sushi,Sushi Bars
RS2_imjEBK3H5fc-mCwZng,japanese,Japanese
RS2_imjEBK3H5fc-mCwZng,seafood,Seafood
NdN8dwnjE6vgUG7OcV6izQ,chickenshop,Chicken Shop
hI9rkUO2a6bZigyXVoVbgQ,greek,Greek
hI9rkUO2a6bZigyXVoVbgQ,mediterranean,Mediterranean
hI9rkUO2a6bZigyXVoVbgQ,seafood,Seafood
H87c1gVVCKneyI0LxaDFxQ,chinese,Chinese
H87c1gVVCKneyI0LxaDFxQ,foodtrucks,Food Trucks
H87c1gVVCKneyI0LxaDFxQ,breakfast_brunch,Breakfast & Brunch
MBQg0-g_iiIEY4hzLiezKg,desserts,Desserts
MBQg0-g_iiIEY4hzLiezKg,malaysian,Malaysian
MBQg0-g_iiIEY4hzLiezKg,cafes,Cafes
Sj3JYCbaEFrAqUzRrenQbg,peruvian,Peruvian
Sj3JYCbaEFrAqUzRrenQbg,cocktailbars,Cocktail Bars
vmoRGfd2xIAN-Ty0kiK_lA,sushi,Sushi Bars
vmoRGfd2xIAN-Ty0kiK_lA,japanese,Japanese
HxeXtA66KSkMU7nDSI8xLg,georgian,Georgian
dMhRafXdr765DHe0k-QfaQ,breakfast_brunch,Breakfast & Brunch
dMhRafXdr765DHe0k-QfaQ,cocktailbars,Cocktail Bars
dMhRafXdr765DHe0k-QfaQ,salad,Salad
Zp-K3ztVTzR-LrWwl_CBgA,bars,Bars
Zp-K3ztVTzR-LrWwl_CBgA,italian,Italian
Zp-K3ztVTzR-LrWwl_CBgA,breakfast_brunch,Breakfast & Brunch
KfHwEsirvgNwqqSSIZ4Kdg,wine_bars,Wine Bars
KfHwEsirvgNwqqSSIZ4Kdg,newamerican,American (New)
TNJpskGz5bw20s23gwbGVQ,cafes,Cafes
TNJpskGz5bw20s23gwbGVQ,coffee,Coffee & Tea
TNJpskGz5bw20s23gwbGVQ,breakfast_brunch,Breakfast & Brunch
SjG7CnTIuUBIo9T4BThkGQ,newamerican,American (New)
SjG7CnTIuUBIo9T4BThkGQ,cocktailbars,Cocktail Bars
SjG7CnTIuUBIo9T4BThkGQ,desserts,Desserts
K2k8PWU-vYqcs0cgqkrx9Q,breakfast_brunch,Breakfast & Brunch
K2k8PWU-vYqcs0cgqkrx9Q,newamerican,American (New)
K2k8PWU-vYqcs0cgqkrx9Q,coffee,Coffee & Tea
tmx11F58pLhKjEReK5W9wQ,newamerican,American (New)
tvgvaUpOJ6OQv6edy-zAQw,lebanese,Lebanese
tvgvaUpOJ6OQv6edy-zAQw,desserts,Desserts
0di16xi6wqzOHMF7hDXMKQ,cajun,Cajun/Creole
0di16xi6wqzOHMF7hDXMKQ,seafood,Seafood
eqTk_mQPCxZl9dnc-kDQgg,haitian,Haitian
eqTk_mQPCxZl9dnc-kDQgg,breakfast_brunch,Breakfast & Brunch
1Jjg8-vQVRQqqtL4sODi5g,gourmet,Specialty Food
1Jjg8-vQVRQqqtL4sODi5g,newamerican,American (New)
1Jjg8-vQVRQqqtL4sODi5g,beerbar,Beer Bar
sCNZGN2Zh1T5hht728hV5Q,newmexican,New Mexican Cuisine
sCNZGN2Zh1T5hht728hV5Q,cafes,Cafes
sCNZGN2Zh1T5hht728hV5Q,bakeries,Bakeries
38YuedP0ItlKbC-ncJ1XCQ,newamerican,American (New)
BjOcAXbQw0uP1B7zXcf8jw,bars,Bars
BjOcAXbQw0uP1B7zXcf8jw,salad,Salad
BjOcAXbQw0uP1B7zXcf8jw,sandwiches,Sandwiches
i_BsShdENA-fDVCCIj8GFw,newamerican,American (New)
i_BsShdENA-fDVCCIj8GFw,wine_bars,Wine Bars
i_BsShdENA-fDVCCIj8GFw,beerbar,Beer Bar
AdAZ_V986tGg7RVcx-6EEw,wine_bars,Wine Bars
AdAZ_V986tGg7RVcx-6EEw,tapasmallplates,Tapas/Small Plates
AdAZ_V986tGg7RVcx-6EEw,beerbar,Beer Bar
vk7W3_sQwr7eZbRFsXv6rw,desserts,Desserts
vk7W3_sQwr7eZbRFsXv6rw,japanese,Japanese
vk7W3_sQwr7eZbRFsXv6rw,icecream,Ice Cream & Frozen Yogurt
VIg6EKndVDPtGNbeth41Rg,sandwiches,Sandwiches
VIg6EKndVDPtGNbeth41Rg,newamerican,American (New)
VIg6EKndVDPtGNbeth41Rg,cocktailbars,Cocktail Bars
roT-M9epcHDOGjYgGmWpoA,ethiopian,Ethiopian
roT-M9epcHDOGjYgGmWpoA,vegan,Vegan
roT-M9epcHDOGjYgGmWpoA,vegetarian,Vegetarian
Kw7Xwxm4WWRNIYGg-wMXXQ,mediterranean,Mediterranean
Kw7Xwxm4WWRNIYGg-wMXXQ,newamerican,American (New)
Kw7Xwxm4WWRNIYGg-wMXXQ,cocktailbars,Cocktail Bars
Pqww9h8ligf21gn2eSBuRA,newamerican,American (New)
Pqww9h8ligf21gn2eSBuRA,desserts,Desserts
Pqww9h8ligf21gn2eSBuRA,salad,Salad
8ZF3-QQ5ea8zQTeyZ2pIuQ,taiwanese,Taiwanese
pXf8ZWU86cZllUt-CFdnvA,gluten_free,Gluten-Free
pXf8ZWU86cZllUt-CFdnvA,korean,Korean
pXf8ZWU86cZllUt-CFdnvA,vegetarian,Vegetarian
UM3DuPsG6UKdmsC23O_Icw,scandinavian,Scandinavian
UM3DuPsG6UKdmsC23O_Icw,bars,Bars
00kdvS6FY0gTN5BV03tx5Q,newamerican,American (New)
00kdvS6FY0gTN5BV03tx5Q,venues,Venues & Event Spaces
00kdvS6FY0gTN5BV03tx5Q,lounges,Lounges
iMKF20yFvCIbe3eSJnX8yQ,breakfast_brunch,Breakfast & Brunch
kQuTJxm0KAX1AsS46vhC_g,italian,Italian
kQuTJxm0KAX1AsS46vhC_g,newamerican,American (New)
pyyp8qKVJ37xhWQGzoOSPg,bars,Bars
pyyp8qKVJ37xhWQGzoOSPg,tapasmallplates,Tapas/Small Plates
bQORrPVUnR4FyBUGuwugqQ,cocktailbars,Cocktail Bars
bQORrPVUnR4FyBUGuwugqQ,tapasmallplates,Tapas/Small Plates
bQORrPVUnR4FyBUGuwugqQ,pizza,Pizza
C3tP0fNNAoxOAC3O406CXQ,asianfusion,Asian Fusion
C3tP0fNNAoxOAC3O406CXQ,chinese,Chinese
C3tP0fNNAoxOAC3O406CXQ,cajun,Cajun/Creole
zzJA5P32V9MIHIMBIyasJw,cocktailbars,Cocktail Bars
zzJA5P32V9MIHIMBIyasJw,italian,Italian
zzJA5P32V9MIHIMBIyasJw,breakfast_brunch,Breakfast & Brunch
UQuV1hiPRPqPT2qBcLrQqA,pancakes,Pancakes
LVkBYW-FNaZ2h-0zB8-vzA,chinese,Chinese
zKtOn6jT429OmxT7OaTKoA,filipino,Filipino
FbGw2sPwZZlZuEndVpP2pQ,french,French
RUsot7ERPbYA_wOKMlVpAQ,newmexican,New Mexican Cuisine
RUsot7ERPbYA_wOKMlVpAQ,tacos,Tacos
qOQ4OYyBZFEA08b29koDgw,italian,Italian
qOQ4OYyBZFEA08b29koDgw,pizza,Pizza
ofxyKuGBveU32gfIekVMHA,foodstands,Food Stands
ofxyKuGBveU32gfIekVMHA,newmexican,New Mexican Cuisine
ofxyKuGBveU32gfIekVMHA,mexican,Mexican
PGTXtUEt73UrwPvc8bhFvA,thai,Thai
PGTXtUEt73UrwPvc8bhFvA,food_court,Food Court
PkljF7EKWE5CfPD_zr3Jyg,ramen,Ramen
PkljF7EKWE5CfPD_zr3Jyg,sushi,Sushi Bars
p5g5P-t-iAvHAxJvI6KUPg,spanish,Spanish
p5g5P-t-iAvHAxJvI6KUPg,tapas,Tapas Bars
iLjrQvbUYPj6NLkalyau0w,desserts,Desserts
iLjrQvbUYPj6NLkalyau0w,juicebars,Juice Bars & Smoothies
iLjrQvbUYPj6NLkalyau0w,indpak,Indian
SWRz34fmNEDPcrngJMMo7Q,bakeries,Bakeries
SWRz34fmNEDPcrngJMMo7Q,cafes,Cafes
SWRz34fmNEDPcrngJMMo7Q,breakfast_brunch,Breakfast & Brunch
JerlfmbxoWVMuUAj8LiHTQ,sandwiches,Sandwiches
JerlfmbxoWVMuUAj8LiHTQ,bakeries,Bakeries
U_JIkNwSc-J-tu_E8iztyg,hotpot,Hot Pot
U_JIkNwSc-J-tu_E8iztyg,bbq,Barbeque
2J3--ZI6CcoYLWSYYVdt7Q,chinese,Chinese
HC18oDJ2svQoXIddP-wuyw,japanese,Japanese
rBUTVjRs5CcEMe3dfVRZJQ,taiwanese,Taiwanese
rBUTVjRs5CcEMe3dfVRZJQ,chinese,Chinese
rBUTVjRs5CcEMe3dfVRZJQ,breakfast_brunch,Breakfast & Brunch
fjj5hk9vmfjaxq855OBQXQ,dimsum,Dim Sum
fjj5hk9vmfjaxq855OBQXQ,cantonese,Cantonese
Cz6It2NB_QBXCjnlsWGZSA,newamerican,American (New)
Cz6It2NB_QBXCjnlsWGZSA,gastropubs,Gastropubs
Cz6It2NB_QBXCjnlsWGZSA,comfortfood,Comfort Food
8vDBwBThldNxqvQ7ur1Uzw,french,French
8vDBwBThldNxqvQ7ur1Uzw,bars,Bars
8vDBwBThldNxqvQ7ur1Uzw,breakfast_brunch,Breakfast & Brunch
DOdamkEm9JWR9s6VH_NuOQ,newamerican,American (New)
DOdamkEm9JWR9s6VH_NuOQ,breakfast_brunch,Breakfast & Brunch
C8d8cJB1GUksHroZsngRMQ,sushi,Sushi Bars
C8d8cJB1GUksHroZsngRMQ,cocktailbars,Cocktail Bars
vYGi3439teYg1wPzqVcHUA,bars,Bars
vYGi3439teYg1wPzqVcHUA,seafood,Seafood
vYGi3439teYg1wPzqVcHUA,newamerican,American (New)
Fyy3mZ35FnFQMYh9bh5iKg,asianfusion,Asian Fusion
YvMLbSK_tWmaOjYGwOUd5Q,chinese,Chinese
q9VwJbrN0fGdm4L0oP2X8w,sandwiches,Sandwiches
q9VwJbrN0fGdm4L0oP2X8w,burgers,Burgers
bT58uR2jWoG7RcdTjM3hUQ,italian,Italian
bT58uR2jWoG7RcdTjM3hUQ,sandwiches,Sandwiches
HWf1Y00FrxAVMJXrlRYdhw,australian,Australian
HWf1Y00FrxAVMJXrlRYdhw,cocktailbars,Cocktail Bars
HWf1Y00FrxAVMJXrlRYdhw,seafood,Seafood
QR1YIRzFjd2bi5iBzT9zXg,sushi,Sushi Bars
QR1YIRzFjd2bi5iBzT9zXg,japanese,Japanese
GjEE8vvjqb7eeHA3BGNxAw,italian,Italian
dqjko5ndMGayALuhwq3ghQ,thai,Thai
dqjko5ndMGayALuhwq3ghQ,noodles,Noodles
dqjko5ndMGayALuhwq3ghQ,cocktailbars,Cocktail Bars
r2tM5A3YU8m1prp-ji5KAQ,greek,Greek
r2tM5A3YU8m1prp-ji5KAQ,mediterranean,Mediterranean
D2qV8sDdHEFlHbVz7VSHRQ,tradamerican,American (Traditional)
D2qV8sDdHEFlHbVz7VSHRQ,burgers,Burgers
D2qV8sDdHEFlHbVz7VSHRQ,beerbar,Beer Bar
REC_m1Y4caJIXz8DDdgh-A,pizza,Pizza
REC_m1Y4caJIXz8DDdgh-A,cocktailbars,Cocktail Bars
IxFTW7805MrWpbV4RbSFhw,mideastern,Middle Eastern
IxFTW7805MrWpbV4RbSFhw,turkish,Turkish
IxFTW7805MrWpbV4RbSFhw,mediterranean,Mediterranean
5ix1wZuOihAdjfy8bsOwOA,newamerican,American (New)
5ix1wZuOihAdjfy8bsOwOA,seafood,Seafood
5ix1wZuOihAdjfy8bsOwOA,cocktailbars,Cocktail Bars
Hfq50FEuWpPgc9nXBOO1IA,sushi,Sushi Bars
Hfq50FEuWpPgc9nXBOO1IA,japanese,Japanese
IGZkGbwE36iE1yaDW5NNKA,pubs,Pubs
IGZkGbwE36iE1yaDW5NNKA,breakfast_brunch,Breakfast & Brunch
IGZkGbwE36iE1yaDW5NNKA,venues,Venues & Event Spaces
25KSIumOXSnysnUIGAhNYw,japanese,Japanese
25KSIumOXSnysnUIGAhNYw,steak,Steakhouses
foO2N-TrdPBO-dFn6M35TA,bagels,Bagels
foO2N-TrdPBO-dFn6M35TA,coffee,Coffee & Tea
foO2N-TrdPBO-dFn6M35TA,breakfast_brunch,Breakfast & Brunch
TQzGf4k3HXyMbnNkYKKQSw,french,French
TQzGf4k3HXyMbnNkYKKQSw,newamerican,American (New)
yZx1kHlBHXwEBZLkX0PRhA,tapasmallplates,Tapas/Small Plates
yZx1kHlBHXwEBZLkX0PRhA,wine_bars,Wine Bars
yZx1kHlBHXwEBZLkX0PRhA,mediterranean,Mediterranean
syNFp2qrQtXfH4bskQVgaA,italian,Italian
syNFp2qrQtXfH4bskQVgaA,bars,Bars
FLKABU82NNDnCvZSZD75Bg,ramen,Ramen
LsPlBRWerGGKC-0cWu46Lw,sandwiches,Sandwiches
LsPlBRWerGGKC-0cWu46Lw,grocery,Grocery
ilpPyvli6JGOdCJe8EMbvw,salad,Salad
ilpPyvli6JGOdCJe8EMbvw,cantonese,Cantonese
ilpPyvli6JGOdCJe8EMbvw,chicken_wings,Chicken Wings
7m4GnzK5pv7qGn-Ar1zabQ,wine_bars,Wine Bars
7m4GnzK5pv7qGn-Ar1zabQ,tapasmallplates,Tapas/Small Plates
7m4GnzK5pv7qGn-Ar1zabQ,french,French
nBkSqOhZMa1A7Yk3q8VPaA,french,French
nBkSqOhZMa1A7Yk3q8VPaA,wine_bars,Wine Bars
nBkSqOhZMa1A7Yk3q8VPaA,lounges,Lounges
B55Ocx5RBWxo6AGSucYSIA,mediterranean,Mediterranean
B55Ocx5RBWxo6AGSucYSIA,lebanese,Lebanese
B55Ocx5RBWxo6AGSucYSIA,cocktailbars,Cocktail Bars
BSv3awhABROYjjwlQaQ-Qw,bars,Bars
BSv3awhABROYjjwlQaQ-Qw,newamerican,American (New)
AsN3B_FjIDxjISs9K_d_ZQ,desserts,Desserts
AsN3B_FjIDxjISs9K_d_ZQ,cocktailbars,Cocktail Bars
AsN3B_FjIDxjISs9K_d_ZQ,breakfast_brunch,Breakfast & Brunch
Lg8GBdMBWEPgvzp9m7kGoA,sushi,Sushi Bars
Lp8vAE5nHSt5zbu-lSGK8A,chinese,Chinese
Lp8vAE5nHSt5zbu-lSGK8A,seafood,Seafood
Lp8vAE5nHSt5zbu-lSGK8A,noodles,Noodles
q0hMNf-YhfDMFQyUQdsIJg,argentine,Argentine
q0hMNf-YhfDMFQyUQdsIJg,cocktailbars,Cocktail Bars
fU22eRTnKLT2C-OFJ6eUGQ,pizza,Pizza
fU22eRTnKLT2C-OFJ6eUGQ,italian,Italian
fU22eRTnKLT2C-OFJ6eUGQ,bars,Bars
L3REPLCvQpMapYPd_fkS-A,mexican,Mexican
L3REPLCvQpMapYPd_fkS-A,cocktailbars,Cocktail Bars
3FayPk6to5oSxZ5gEo6mYQ,newamerican,American (New)
3FayPk6to5oSxZ5gEo6mYQ,pianobars,Piano Bars
3FayPk6to5oSxZ5gEo6mYQ,cocktailbars,Cocktail Bars
Bp7aY9TwDmBX22CotALaHA,wine_bars,Wine Bars
Bp7aY9TwDmBX22CotALaHA,cafes,Cafes
c5hwACfqea1DPV0VB_O4CQ,vietnamese,Vietnamese
xWVHj2XNcxEg79Nkb5Zb6Q,indpak,Indian
xWVHj2XNcxEg79Nkb5Zb6Q,wine_bars,Wine Bars
xWVHj2XNcxEg79Nkb5Zb6Q,cocktailbars,Cocktail Bars
clXeABm-jiPEUypcDIzDIw,seafood,Seafood
clXeABm-jiPEUypcDIzDIw,cocktailbars,Cocktail Bars
Q9y0RDbc66U45fmKNbRRZw,intlgrocery,International Grocery
Q9y0RDbc66U45fmKNbRRZw,delis,Delis
DoFHxY3FFZ35VTz7MXdMAg,newamerican,American (New)
DoFHxY3FFZ35VTz7MXdMAg,bars,Bars
DoFHxY3FFZ35VTz7MXdMAg,salad,Salad
gC7QKqUe2wrxUTxL11ab1A,breakfast_brunch,Breakfast & Brunch
gC7QKqUe2wrxUTxL11ab1A,cocktailbars,Cocktail Bars
gC7QKqUe2wrxUTxL11ab1A,kosher,Kosher
qGA7hdPSuwXVkum548WEWA,asianfusion,Asian Fusion
qGA7hdPSuwXVkum548WEWA,dimsum,Dim Sum
qGA7hdPSuwXVkum548WEWA,cantonese,Cantonese
eCb2VMBFGDgfKCMB4DUPvQ,breakfast_brunch,Breakfast & Brunch
eCb2VMBFGDgfKCMB4DUPvQ,french,French
eCb2VMBFGDgfKCMB4DUPvQ,coffee,Coffee & Tea
Jd2_ZC4ugEMSY9ElivNZgg,tacos,Tacos
Jd2_ZC4ugEMSY9ElivNZgg,newmexican,New Mexican Cuisine
mvnxV9bn53vb9kJ0DujQLQ,bars,Bars
mvnxV9bn53vb9kJ0DujQLQ,tacos,Tacos
64olT1goXFQEATQO_oiSLg,cocktailbars,Cocktail Bars
64olT1goXFQEATQO_oiSLg,tradamerican,American (Traditional)
64olT1goXFQEATQO_oiSLg,lounges,Lounges
kJExyhre8kocF5gI9y4IDA,newamerican,American (New)
kJExyhre8kocF5gI9y4IDA,bars,Bars
TivnXoTHWVUCt-O8eHxr1w,french,French
YxLazl79hS4O_ygHWqM3mg,bars,Bars
YxLazl79hS4O_ygHWqM3mg,tapasmallplates,Tapas/Small Plates
YxLazl79hS4O_ygHWqM3mg,newamerican,American (New)
bJwcf-h06wX6Yo3kVkajww,italian,Italian
bJwcf-h06wX6Yo3kVkajww,venues,Venues & Event Spaces
Vs-3byrsBYwd_Cnfl0CyFw,tradamerican,American (Traditional)
Vs-3byrsBYwd_Cnfl0CyFw,breakfast_brunch,Breakfast & Brunch
Vs-3byrsBYwd_Cnfl0CyFw,sandwiches,Sandwiches
9b_FvTUgkkUUMyL0nGhFtg,thai,Thai
9b_FvTUgkkUUMyL0nGhFtg,comfortfood,Comfort Food
mhrLDFTxUzW2koRAzjlt5g,mexican,Mexican
mhrLDFTxUzW2koRAzjlt5g,bars,Bars
qYGN_oXNOIIUMO1yfl7O7A,caribbean,Caribbean
qYGN_oXNOIIUMO1yfl7O7A,newamerican,American (New)
qYGN_oXNOIIUMO1yfl7O7A,cocktailbars,Cocktail Bars
1VFAJtFoeTSwGCXVWBQEIg,bars,Bars
1VFAJtFoeTSwGCXVWBQEIg,musicvenues,Music Venues
1VFAJtFoeTSwGCXVWBQEIg,vegan,Vegan
Bo1eW6NCzOMuxIyu6CzutQ,african,African
Bo1eW6NCzOMuxIyu6CzutQ,hotdogs,Fast Food
0XrJX0byV2q4lljwrcV8Gg,popuprestaurants,Pop-Up Restaurants
wjIyCBEpCG_HRp8veiI0YQ,sushi,Sushi Bars
wjIyCBEpCG_HRp8veiI0YQ,hotpot,Hot Pot
wjIyCBEpCG_HRp8veiI0YQ,japacurry,Japanese Curry
ggIzrvCArIHWIBIGJlzUPQ,korean,Korean
ggIzrvCArIHWIBIGJlzUPQ,cocktailbars,Cocktail Bars
0zcgBHXbaJn0ZxgpcTJ1aQ,korean,Korean
0zcgBHXbaJn0ZxgpcTJ1aQ,breakfast_brunch,Breakfast & Brunch
0zcgBHXbaJn0ZxgpcTJ1aQ,coffeeroasteries,Coffee Roasteries
SxKvgnkMMZdhBJcxxKQnww,sushi,Sushi Bars
SxKvgnkMMZdhBJcxxKQnww,japanese,Japanese
vbia6xGsSU7ZyQVmg2ROvA,sushi,Sushi Bars
vbia6xGsSU7ZyQVmg2ROvA,japanese,Japanese
H29Gi3uoFtaqPaO1Z3KwJw,korean,Korean
H29Gi3uoFtaqPaO1Z3KwJw,bars,Bars
H29Gi3uoFtaqPaO1Z3KwJw,seafood,Seafood
g63xhLj7tB1Z5sF1EuX8wA,sandwiches,Sandwiches
g63xhLj7tB1Z5sF1EuX8wA,newamerican,American (New)
g63xhLj7tB1Z5sF1EuX8wA,asianfusion,Asian Fusion
sEuLm5fQgWkkiYBt6OphWQ,seafood,Seafood
sEuLm5fQgWkkiYBt6OphWQ,seafoodmarkets,Seafood Markets
eS9mTLlWwu_Ap2ROMQWPxg,asianfusion,Asian Fusion
eS9mTLlWwu_Ap2ROMQWPxg,ramen,Ramen
R7EGjHWw0tNheY6-ahH8fQ,newamerican,American (New)
R7EGjHWw0tNheY6-ahH8fQ,asianfusion,Asian Fusion
5gVOw3RTaZ-NavNQx2M83g,newamerican,American (New)
5gVOw3RTaZ-NavNQx2M83g,theater,Performing Arts
5gVOw3RTaZ-NavNQx2M83g,dinnertheater,Dinner Theater
ZnhRUBos9FGQZrzbcPn6Vg,irish_pubs,Irish Pub
ZnhRUBos9FGQZrzbcPn6Vg,sportsbars,Sports Bars
ZnhRUBos9FGQZrzbcPn6Vg,tradamerican,American (Traditional)
_FAh31lob7Dnn4iGiLIwng,korean,Korean
_FAh31lob7Dnn4iGiLIwng,cocktailbars,Cocktail Bars
_FAh31lob7Dnn4iGiLIwng,gastropubs,Gastropubs
3Ic4C60oSH1cV2jknUXSjQ,lounges,Lounges
3Ic4C60oSH1cV2jknUXSjQ,jazzandblues,Jazz & Blues
3Ic4C60oSH1cV2jknUXSjQ,tradamerican,American (Traditional)
VaorFVboJxLfHIakSzGL6w,french,French
LpIpG7klTOl_btqxNkp-Vw,basque,Basque
Dv28TvKBh_8i6W02uAaMKw,ramen,Ramen
StQmfKqdlPPsErC6Qulzfw,thai,Thai
StQmfKqdlPPsErC6Qulzfw,chickenshop,Chicken Shop
1XgqwPF8JN-OVYDaKmO6SQ,taiwanese,Taiwanese
1XgqwPF8JN-OVYDaKmO6SQ,chinese,Chinese
WrYtbvOdtL083ArOKFxiiQ,bars,Bars
WrYtbvOdtL083ArOKFxiiQ,tradamerican,American (Traditional)
1SgW1X-S8KrIjq05l6xPPw,korean,Korean
IqD-JuRkP4_WMypm9kIkiA,diners,Diners
b2JQaXDdMihqjUPh0eZ2yw,african,African
OtsLOJ4LbAHQ5UzYZBv58Q,chickenshop,Chicken Shop
OtsLOJ4LbAHQ5UzYZBv58Q,newamerican,American (New)
OtsLOJ4LbAHQ5UzYZBv58Q,cocktailbars,Cocktail Bars
WBPbYPBrha8jxeUuqreYpQ,brasseries,Brasseries
WBPbYPBrha8jxeUuqreYpQ,french,French
EbX_9tqAJs4gW51gZpOB7g,malaysian,Malaysian
EbX_9tqAJs4gW51gZpOB7g,thai,Thai
EbX_9tqAJs4gW51gZpOB7g,halal,Halal
b6Tpm0PsDqLYZFUuqNte-g,italian,Italian
_qGBxhZBLf4qM9fsfKRdzA,conveyorsushi,Conveyor Belt Sushi
_qGBxhZBLf4qM9fsfKRdzA,sushi,Sushi Bars
_7_u6U5uwhDkVi7JJakyGA,korean,Korean
_7_u6U5uwhDkVi7JJakyGA,bbq,Barbeque
_7_u6U5uwhDkVi7JJakyGA,asianfusion,Asian Fusion
TrFJRMI0LsIhq3QR2tolKg,chickenshop,Chicken Shop
TrFJRMI0LsIhq3QR2tolKg,bubbletea,Bubble Tea
TrFJRMI0LsIhq3QR2tolKg,taiwanese,Taiwanese
S5ItalpL6lIosnBfWJm7uw,chickenshop,Chicken Shop
S5ItalpL6lIosnBfWJm7uw,chicken_wings,Chicken Wings
S5ItalpL6lIosnBfWJm7uw,burgers,Burgers
GD-tsn8khDevVa7-KQK3ZQ,dimsum,Dim Sum
GD-tsn8khDevVa7-KQK3ZQ,shanghainese,Shanghainese
GD-tsn8khDevVa7-KQK3ZQ,noodles,Noodles
WoMVwgn3E265w37gAM4BRQ,speakeasies,Speakeasies
WoMVwgn3E265w37gAM4BRQ,seafood,Seafood
D5bDIe51iMmf62A7hjgXxw,restaurants,Restaurants
RWWlZxOYALuHmBXHc2M0-w,burgers,Burgers
qgPYGl1Nuie2XBF1YqJHSA,coffee,Coffee & Tea
qgPYGl1Nuie2XBF1YqJHSA,asianfusion,Asian Fusion
2YkqGzOldh-gcSSFkvP44Q,asianfusion,Asian Fusion
2YkqGzOldh-gcSSFkvP44Q,japanese,Japanese
2YkqGzOldh-gcSSFkvP44Q,poke,Poke
GuzlMBKNoClNx5I1-x-DDg,asianfusion,Asian Fusion
GuzlMBKNoClNx5I1-x-DDg,bars,Bars
GuzlMBKNoClNx5I1-x-DDg,seafood,Seafood
NirY5TkWZBNuuAgbjdG0AA,czech,Czech
NirY5TkWZBNuuAgbjdG0AA,bars,Bars
q8myw-sQtrmn0w-tKSC5cA,italian,Italian
7A8lzSqrSVfQFae13Tjhew,bars,Bars
7A8lzSqrSVfQFae13Tjhew,korean,Korean
Jx3xWeqYnyWOIhSlAlggTA,bbq,Barbeque
9aoEMpdkaatr4IXZQ3VEkg,cuban,Cuban
9aoEMpdkaatr4IXZQ3VEkg,newamerican,American (New)
9aoEMpdkaatr4IXZQ3VEkg,breakfast_brunch,Breakfast & Brunch
4MqJOLaeqCgBFQmMFPfe3g,lounges,Lounges
4MqJOLaeqCgBFQmMFPfe3g,tradamerican,American (Traditional)
4MqJOLaeqCgBFQmMFPfe3g,cocktailbars,Cocktail Bars
aTzxrI2o3vH_HQkqeFszzg,japanese,Japanese
aTzxrI2o3vH_HQkqeFszzg,sushi,Sushi Bars
aTzxrI2o3vH_HQkqeFszzg,seafood,Seafood
MDMw0HFK3rgeGRl-FZC9Fg,vietnamese,Vietnamese
MDMw0HFK3rgeGRl-FZC9Fg,sandwiches,Sandwiches
9GBqbQ415CXaBa2gwHyFHQ,modern_european,Modern European
9GBqbQ415CXaBa2gwHyFHQ,breakfast_brunch,Breakfast & Brunch
9GBqbQ415CXaBa2gwHyFHQ,cocktailbars,Cocktail Bars
YpGxtJy9ErnjfGG6DXy5uA,coffee,Coffee & Tea
YpGxtJy9ErnjfGG6DXy5uA,breakfast_brunch,Breakfast & Brunch
YpGxtJy9ErnjfGG6DXy5uA,acaibowls,Acai Bowls
6AWiJUeP4FINQF48az-bkQ,italian,Italian
6AWiJUeP4FINQF48az-bkQ,pastashops,Pasta Shops
6AWiJUeP4FINQF48az-bkQ,desserts,Desserts
OLSSJIp8pu5UlugTF7tuHA,sushi,Sushi Bars
OLSSJIp8pu5UlugTF7tuHA,hotpot,Hot Pot
OLSSJIp8pu5UlugTF7tuHA,japacurry,Japanese Curry
7Fv8r-NFhIqlzrFwoAuWqg,chinese,Chinese
7Fv8r-NFhIqlzrFwoAuWqg,foodtrucks,Food Trucks
_PGwWwpU4OrLBgdNainzoA,cocktailbars,Cocktail Bars
_PGwWwpU4OrLBgdNainzoA,tapasmallplates,Tapas/Small Plates
FebvtuoXRQ8h8CZMe8NeYw,italian,Italian
FebvtuoXRQ8h8CZMe8NeYw,wine_bars,Wine Bars
FebvtuoXRQ8h8CZMe8NeYw,breakfast_brunch,Breakfast & Brunch
enDIsmxSG2bQccQWgGNcbg,coffee,Coffee & Tea
enDIsmxSG2bQccQWgGNcbg,izakaya,Izakaya
enDIsmxSG2bQccQWgGNcbg,ramen,Ramen
xEnNFXtMLDF5kZDxfaCJgA,foodstands,Food Stands
xEnNFXtMLDF5kZDxfaCJgA,mideastern,Middle Eastern
xEnNFXtMLDF5kZDxfaCJgA,halal,Halal
d4wV5hj9ByaFuT3XrtrGpw,food_court,Food Court
KcOeFHAojaRDV-DxQJkfPA,japanese,Japanese
KcOeFHAojaRDV-DxQJkfPA,sushi,Sushi Bars
-BOAKHyKKAXE1WhuVpMFkQ,pubs,Pubs
-BOAKHyKKAXE1WhuVpMFkQ,burgers,Burgers
-BOAKHyKKAXE1WhuVpMFkQ,hawaiian,Hawaiian
FCms-eFFxnpMLm09AJridQ,seafood,Seafood
FCms-eFFxnpMLm09AJridQ,newamerican,American (New)
FCms-eFFxnpMLm09AJridQ,southern,Southern
RQRQOO_CGhj16AIz4KqlQA,chinese,Chinese
qIOAlXCCYrwN0VxEEH-Tmw,spanish,Spanish
qIOAlXCCYrwN0VxEEH-Tmw,tapas,Tapas Bars
qIOAlXCCYrwN0VxEEH-Tmw,breakfast_brunch,Breakfast & Brunch
vYB5bZOJQkmBquzQ8D23-w,latin,Latin American
vYB5bZOJQkmBquzQ8D23-w,breakfast_brunch,Breakfast & Brunch
dvbZ4uydwu4b9Gu8cfrkgA,tapasmallplates,Tapas/Small Plates
dvbZ4uydwu4b9Gu8cfrkgA,tapas,Tapas Bars
dvbZ4uydwu4b9Gu8cfrkgA,gourmet,Specialty Food
_z2_1TE_1brlvljiGtJ4mA,indpak,Indian
keOMomcnyrJEQvFtfEYadg,tacos,Tacos
E9NMNWvV70HV5gB369N0EA,greek,Greek
E9NMNWvV70HV5gB369N0EA,seafood,Seafood
E9NMNWvV70HV5gB369N0EA,mediterranean,Mediterranean
uYMimeHJ5XBGkyTrg8GXhw,desserts,Desserts
uYMimeHJ5XBGkyTrg8GXhw,portuguese,Portuguese
uYMimeHJ5XBGkyTrg8GXhw,cafes,Cafes
PrEnLJw9uovodSwkKlpP_g,sushi,Sushi Bars
PrEnLJw9uovodSwkKlpP_g,japanese,Japanese
1XK53gaHMFQIA4VW3B6k1Q,mediterranean,Mediterranean
1XK53gaHMFQIA4VW3B6k1Q,kosher,Kosher
1XK53gaHMFQIA4VW3B6k1Q,pizza,Pizza
rZIMlQ76I0mXL8uNii_wVg,newamerican,American (New)
IsL7iowOZXZ5i8G5RgQgRA,chinese,Chinese
g2Y6tEvxajhphg6mnUd7zQ,japanese,Japanese
g2Y6tEvxajhphg6mnUd7zQ,sushi,Sushi Bars
MBOrVJAgdZ3Wm50e9arOeA,thai,Thai
MBOrVJAgdZ3Wm50e9arOeA,cocktailbars,Cocktail Bars
5WBwvVVZJc90E6O28NAjkQ,mexican,Mexican
5WBwvVVZJc90E6O28NAjkQ,cocktailbars,Cocktail Bars
IVBlxe4_EALrrMcPKCFr8w,sportsbars,Sports Bars
IVBlxe4_EALrrMcPKCFr8w,tacos,Tacos
IVBlxe4_EALrrMcPKCFr8w,seafood,Seafood
-uFZBf1W94vyDQqqWXWdHw,creperies,Creperies
-uFZBf1W94vyDQqqWXWdHw,foodtrucks,Food Trucks
ja--tSqGBMm6ueiN96woLQ,cajun,Cajun/Creole
ja--tSqGBMm6ueiN96woLQ,breakfast_brunch,Breakfast & Brunch
ja--tSqGBMm6ueiN96woLQ,sandwiches,Sandwiches
RjzLEoOUfLIah2Itfd2HdA,sandwiches,Sandwiches
RjzLEoOUfLIah2Itfd2HdA,breakfast_brunch,Breakfast & Brunch
RjzLEoOUfLIah2Itfd2HdA,popuprestaurants,Pop-Up Restaurants
lMajMTw_y2EqTfIyC4q2JQ,caribbean,Caribbean
lMajMTw_y2EqTfIyC4q2JQ,bbq,Barbeque
089OnyQoBzULskxbENZ3pw,breakfast_brunch,Breakfast & Brunch
089OnyQoBzULskxbENZ3pw,comfortfood,Comfort Food
089OnyQoBzULskxbENZ3pw,coffee,Coffee & Tea
_Mudv88clV6AOg-z9uqByg,bars,Bars
_Mudv88clV6AOg-z9uqByg,burgers,Burgers
xnqEMpQzCltu06p7NSNMMw,pizza,Pizza
LWKP6KiGzmjDZMPYUzE9yg,italian,Italian
2C1hZNqiWWfQJAIvS9rvDQ,korean,Korean
2C1hZNqiWWfQJAIvS9rvDQ,cocktailbars,Cocktail Bars
2C1hZNqiWWfQJAIvS9rvDQ,gastropubs,Gastropubs
xNLwx39xvgn95aTzGLpQBw,asianfusion,Asian Fusion
c1kKAH9XMPNeaBhvnIP0FQ,bars,Bars
c1kKAH9XMPNeaBhvnIP0FQ,newamerican,American (New)
c1kKAH9XMPNeaBhvnIP0FQ,irish,Irish
lQKKBtdp7No9HJ_tW6PuAQ,newamerican,American (New)
lQKKBtdp7No9HJ_tW6PuAQ,breakfast_brunch,Breakfast & Brunch
B8wHwGZCddRZ_T953FApxQ,japanese,Japanese
B8wHwGZCddRZ_T953FApxQ,sushi,Sushi Bars
01isnBO1rFO2LTOeNfYl9w,newamerican,American (New)
01isnBO1rFO2LTOeNfYl9w,sushi,Sushi Bars
z7H9ApIGopnDnQaglnPTzg,italian,Italian
z7H9ApIGopnDnQaglnPTzg,bars,Bars
Jy0nQ1uI8KPvTv8nBZGdMg,newamerican,American (New)
fVsH6QIJPzXpVbgmeiolsA,korean,Korean
vegSCksJy6SI8WUGttLH-w,wine_bars,Wine Bars
vegSCksJy6SI8WUGttLH-w,modern_european,Modern European
qACLF23emO2Mfz3HbiiNWg,sandwiches,Sandwiches
qACLF23emO2Mfz3HbiiNWg,bars,Bars
myOSJHEZFUrfAsPiie9BCw,cafes,Cafes
myOSJHEZFUrfAsPiie9BCw,bakeries,Bakeries
myOSJHEZFUrfAsPiie9BCw,breakfast_brunch,Breakfast & Brunch
1s0SM5zh7QEMlqjIM7XYpQ,newamerican,American (New)
1s0SM5zh7QEMlqjIM7XYpQ,gastropubs,Gastropubs
1s0SM5zh7QEMlqjIM7XYpQ,cocktailbars,Cocktail Bars
gTVg1OTkZ-uCVZ12XPbi1Q,wine_bars,Wine Bars
gTVg1OTkZ-uCVZ12XPbi1Q,cafes,Cafes
gTVg1OTkZ-uCVZ12XPbi1Q,cocktailbars,Cocktail Bars
apykLG7DTZ-7xnOcZGDZZA,greek,Greek
apykLG7DTZ-7xnOcZGDZZA,seafood,Seafood
apykLG7DTZ-7xnOcZGDZZA,mediterranean,Mediterranean
v99JGK3XTLw3hBTVzBAdSQ,tapasmallplates,Tapas/Small Plates
v99JGK3XTLw3hBTVzBAdSQ,cocktailbars,Cocktail Bars
FelC65I3j7s7mM2rnePN3Q,bars,Bars
FelC65I3j7s7mM2rnePN3Q,italian,Italian
FelC65I3j7s7mM2rnePN3Q,venues,Venues & Event Spaces
lGR8ipy2bV6oO-cfrTIa0Q,newamerican,American (New)
RbiXVG4tzpC3zuILadyPIQ,italian,Italian
RbiXVG4tzpC3zuILadyPIQ,wine_bars,Wine Bars
RbiXVG4tzpC3zuILadyPIQ,breakfast_brunch,Breakfast & Brunch
3damHJw-STJXBubzKRy9sA,newamerican,American (New)
3damHJw-STJXBubzKRy9sA,french,French
fSfECAGJr6h6cbJ22mmv1g,korean,Korean
aYHXxibF53wqNcpKLrpu8w,beerbar,Beer Bar
aYHXxibF53wqNcpKLrpu8w,gastropubs,Gastropubs
PYmjoid5P-Mw8dkkKxZy6w,newamerican,American (New)
PYmjoid5P-Mw8dkkKxZy6w,breakfast_brunch,Breakfast & Brunch
iS5UhBr3RuXQntsAH2XMNA,italian,Italian
iS5UhBr3RuXQntsAH2XMNA,pizza,Pizza
iS5UhBr3RuXQntsAH2XMNA,pastashops,Pasta Shops
ID5DkaAOMpTmkAFR8bVLLQ,cocktailbars,Cocktail Bars
ID5DkaAOMpTmkAFR8bVLLQ,breakfast_brunch,Breakfast & Brunch
ID5DkaAOMpTmkAFR8bVLLQ,tacos,Tacos
vS0iapvokZWiZTiRpo6BUw,bagels,Bagels
vS0iapvokZWiZTiRpo6BUw,breakfast_brunch,Breakfast & Brunch
vS0iapvokZWiZTiRpo6BUw,sandwiches,Sandwiches
rgudrw8PRgY4R-opgS1bKw,filipino,Filipino
rgudrw8PRgY4R-opgS1bKw,foodstands,Food Stands
_hvgCRW8Vw1n3Usr9RPoUg,newamerican,American (New)
_hvgCRW8Vw1n3Usr9RPoUg,cocktailbars,Cocktail Bars
_hvgCRW8Vw1n3Usr9RPoUg,tikibars,Tiki Bars
rIk4_cVWtijCso6EBUSbyw,brazilian,Brazilian
rIk4_cVWtijCso6EBUSbyw,seafood,Seafood
rIk4_cVWtijCso6EBUSbyw,steak,Steakhouses
s5nPO911cYB2chdwqSqT9g,italian,Italian
s5nPO911cYB2chdwqSqT9g,bars,Bars
LDScBEu3splSQlhGBEH2hg,taiwanese,Taiwanese
LDScBEu3splSQlhGBEH2hg,coffee,Coffee & Tea
LDScBEu3splSQlhGBEH2hg,asianfusion,Asian Fusion
uFER2lJGTXc_vcwRFE8j6Q,food_court,Food Court
uFER2lJGTXc_vcwRFE8j6Q,singaporean,Singaporean
9WQbGNhEj9RxgVFYhR6NOQ,sandwiches,Sandwiches
9WQbGNhEj9RxgVFYhR6NOQ,mediterranean,Mediterranean
9WQbGNhEj9RxgVFYhR6NOQ,bars,Bars
PWxky1zhv7gqdhXi8Pk6DA,cocktailbars,Cocktail Bars
PWxky1zhv7gqdhXi8Pk6DA,newamerican,American (New)
PWxky1zhv7gqdhXi8Pk6DA,korean,Korean
w3CHmfkPc5K7MzYfBmyrNQ,izakaya,Izakaya
w3CHmfkPc5K7MzYfBmyrNQ,chicken_wings,Chicken Wings
w3CHmfkPc5K7MzYfBmyrNQ,beerbar,Beer Bar
VqnPcfqYltgxAkIuTaGkYg,italian,Italian
VqnPcfqYltgxAkIuTaGkYg,wine_bars,Wine Bars
VqnPcfqYltgxAkIuTaGkYg,modern_european,Modern European
dskDbpvA0hI_7RjtoL6IKA,sushi,Sushi Bars
dskDbpvA0hI_7RjtoL6IKA,japanese,Japanese
_lRU0Iczcf5WSsxbDnwE6w,korean,Korean
_lRU0Iczcf5WSsxbDnwE6w,chickenshop,Chicken Shop
zcWxZaC7pnIVe2ON4uUEDw,chicken_wings,Chicken Wings
zcWxZaC7pnIVe2ON4uUEDw,korean,Korean
zcWxZaC7pnIVe2ON4uUEDw,tradamerican,American (Traditional)
Jp6uYnnPMLBb-GDcK9jsEg,pizza,Pizza
Jp6uYnnPMLBb-GDcK9jsEg,pastashops,Pasta Shops
TENyZswNhrgS1qQHBcUykg,lebanese,Lebanese
9whm9oIO5baMzRtpJhzNZA,gastropubs,Gastropubs
lokQtNncpBTPQyhsXPrqzw,seafood,Seafood
v8_MaF5d2u5qZ6evINBsig,newamerican,American (New)
oT6z_r5S2i_sTxjU1E5SHQ,newamerican,American (New)
oT6z_r5S2i_sTxjU1E5SHQ,bars,Bars
oT6z_r5S2i_sTxjU1E5SHQ,seafood,Seafood
Fl8f8jOGyTV9_SqHgbGZbA,steak,Steakhouses
Fl8f8jOGyTV9_SqHgbGZbA,salad,Salad
Fl8f8jOGyTV9_SqHgbGZbA,chicken_wings,Chicken Wings
80jmHsdVmeYxaoAHaegKyQ,tradamerican,American (Traditional)
VLGmFHE4s0Sfu0piMVQa1Q,newamerican,American (New)
VLGmFHE4s0Sfu0piMVQa1Q,cocktailbars,Cocktail Bars
VLGmFHE4s0Sfu0piMVQa1Q,breakfast_brunch,Breakfast & Brunch
gqUR7hd3NsxOD_JrD-iFfQ,chinese,Chinese
IaKzW5PcmHGklEhAy_9hMQ,french,French
LdbANxQjzdvzBqUESYTUnw,tacos,Tacos
M85t-iOAbMpO9mVIKAgwMw,newamerican,American (New)
M85t-iOAbMpO9mVIKAgwMw,french,French
M85t-iOAbMpO9mVIKAgwMw,cocktailbars,Cocktail Bars
An1_BlhLJDZomxI91SBv7g,korean,Korean
An1_BlhLJDZomxI91SBv7g,bars,Bars
QVXLgfB4J2j1BjeSgmoXgw,newamerican,American (New)
QVXLgfB4J2j1BjeSgmoXgw,tradamerican,American (Traditional)
QVXLgfB4J2j1BjeSgmoXgw,bars,Bars
M-qzhH4KrL2GnpCKx0EW6Q,chicken_wings,Chicken Wings
M-qzhH4KrL2GnpCKx0EW6Q,hotdogs,Fast Food
M-qzhH4KrL2GnpCKx0EW6Q,chickenshop,Chicken Shop
1jAB_uaI8-P_wSqOo2S3KQ,szechuan,Szechuan
1jAB_uaI8-P_wSqOo2S3KQ,dimsum,Dim Sum
1jAB_uaI8-P_wSqOo2S3KQ,wine_bars,Wine Bars
qs5x7OfTtpgQ4xQeN7N4Iw,italian,Italian
qs5x7OfTtpgQ4xQeN7N4Iw,cocktailbars,Cocktail Bars
lXGCo-K7eftxRT_6E59-Iw,newamerican,American (New)
lXGCo-K7eftxRT_6E59-Iw,cafes,Cafes
lXGCo-K7eftxRT_6E59-Iw,bars,Bars
koXLkmULtStfolzUXH9avA,peruvian,Peruvian
uQ0kF3fiJFDm0oDVRaMBkw,newamerican,American (New)
uQ0kF3fiJFDm0oDVRaMBkw,burgers,Burgers
uQ0kF3fiJFDm0oDVRaMBkw,cocktailbars,Cocktail Bars
wnyX_yg4ddSDkupwFKftIA,breakfast_brunch,Breakfast & Brunch
wnyX_yg4ddSDkupwFKftIA,italian,Italian
53lgp8fFEuK3Yo7yeXc89A,dimsum,Dim Sum
53lgp8fFEuK3Yo7yeXc89A,cantonese,Cantonese
AcipVtCZ68bUNdsPOpa_JA,newamerican,American (New)
EY5ot4Z1tgbDC-TZXIcRjQ,gastropubs,Gastropubs
EY5ot4Z1tgbDC-TZXIcRjQ,newamerican,American (New)
EY5ot4Z1tgbDC-TZXIcRjQ,pubs,Pubs
g8xujfQ-3rhpL1etGTsUFg,mexican,Mexican
g8xujfQ-3rhpL1etGTsUFg,cocktailbars,Cocktail Bars
wV2YuZKjk5VhZz3I27xtsA,newamerican,American (New)
wV2YuZKjk5VhZz3I27xtsA,desserts,Desserts
wV2YuZKjk5VhZz3I27xtsA,italian,Italian
VACzezINx10UlfXjdz0Iow,newamerican,American (New)
VACzezINx10UlfXjdz0Iow,lounges,Lounges
S4Euw4DYSqeU4KcteFXqHg,newamerican,American (New)
S4Euw4DYSqeU4KcteFXqHg,desserts,Desserts
S4Euw4DYSqeU4KcteFXqHg,bars,Bars
I9QQYu9c4Z7NySAAe9isoA,mexican,Mexican
I9QQYu9c4Z7NySAAe9isoA,cocktailbars,Cocktail Bars
I9QQYu9c4Z7NySAAe9isoA,danceclubs,Dance Clubs
C0XQBFVCoH7rbaTl05kaOg,tacos,Tacos
OL2su47yPDPZyvzY8IRk9A,mideastern,Middle Eastern
OL2su47yPDPZyvzY8IRk9A,falafel,Falafel
OL2su47yPDPZyvzY8IRk9A,beerbar,Beer Bar
9bAyxRD6RsGEUQw424ovQA,ramen,Ramen
jSMfV_e4Jh1DKoCnngOiQQ,indpak,Indian
RXCCofQw1EjTcSN0ZeXfRA,italian,Italian
RXCCofQw1EjTcSN0ZeXfRA,gluten_free,Gluten-Free
RXCCofQw1EjTcSN0ZeXfRA,breakfast_brunch,Breakfast & Brunch
2JGyD4VesHPsVRsLpNXgYw,hkcafe,Hong Kong Style Cafe
2JGyD4VesHPsVRsLpNXgYw,chinese,Chinese
2JGyD4VesHPsVRsLpNXgYw,coffee,Coffee & Tea
_LJFf9YqpYxvExTvVxb7Rw,newamerican,American (New)
95a04LtXLX6gePhPEwff9A,mexican,Mexican
zupIzmhdcH0U6vJQQxDBiQ,newamerican,American (New)
zupIzmhdcH0U6vJQQxDBiQ,mexican,Mexican
zupIzmhdcH0U6vJQQxDBiQ,bars,Bars
V7I8bRirWgqF-vnCc2z0Xw,gastropubs,Gastropubs
V7I8bRirWgqF-vnCc2z0Xw,sportsbars,Sports Bars
V7I8bRirWgqF-vnCc2z0Xw,cocktailbars,Cocktail Bars
AImhpHnwq_1qJeopUzdohA,chinese,Chinese
AImhpHnwq_1qJeopUzdohA,asianfusion,Asian Fusion
nvlxtOwbGqPW8E6_sYTfvw,italian,Italian
nvlxtOwbGqPW8E6_sYTfvw,breakfast_brunch,Breakfast & Brunch
nvlxtOwbGqPW8E6_sYTfvw,cocktailbars,Cocktail Bars
11VeHNc-R3PiLxQKK3_mig,wine_bars,Wine Bars
11VeHNc-R3PiLxQKK3_mig,newamerican,American (New)
11VeHNc-R3PiLxQKK3_mig,tapasmallplates,Tapas/Small Plates
nMthrgdms3Nu1BdRJYKQ9w,mexican,Mexican
HPwH6d3yshPeF0pywgDfSw,chinese,Chinese
5gxupTdlGXl_gLd7RBzphg,bars,Bars
5gxupTdlGXl_gLd7RBzphg,seafood,Seafood
L0OIOw6u8SF79OkDkRx_AA,newamerican,American (New)
GBJOu9Rk4JqqWjB8ddYudw,french,French
GBJOu9Rk4JqqWjB8ddYudw,cocktailbars,Cocktail Bars
GBJOu9Rk4JqqWjB8ddYudw,breakfast_brunch,Breakfast & Brunch
sRH-6ZY0gDbS4DhfUZU6zw,wine_bars,Wine Bars
sRH-6ZY0gDbS4DhfUZU6zw,italian,Italian
sRH-6ZY0gDbS4DhfUZU6zw,vegan,Vegan
Wc_vQmkP7tb8eQQfwd39Qw,hainan,Hainan
Wc_vQmkP7tb8eQQfwd39Qw,malaysian,Malaysian
Jp27mwe6YhnVUmdgeAm9Mw,diners,Diners
bBDzXNM7Y7_8WE2Sm6R_ig,food_court,Food Court
x1B6LbAyV3DCmwfmJBy9Ig,popuprestaurants,Pop-Up Restaurants
x1B6LbAyV3DCmwfmJBy9Ig,burgers,Burgers
x1B6LbAyV3DCmwfmJBy9Ig,chicken_wings,Chicken Wings
CnDMmAzrNJF64Y8QcelQAQ,sushi,Sushi Bars
CnDMmAzrNJF64Y8QcelQAQ,japanese,Japanese
CnDMmAzrNJF64Y8QcelQAQ,cocktailbars,Cocktail Bars
ts_ylhPR_qFQ87uAZrYVvQ,cocktailbars,Cocktail Bars
ts_ylhPR_qFQ87uAZrYVvQ,wine_bars,Wine Bars
ts_ylhPR_qFQ87uAZrYVvQ,tapasmallplates,Tapas/Small Plates
ddKmJRZ3D1iS-gbZq03OWQ,breakfast_brunch,Breakfast & Brunch
ddKmJRZ3D1iS-gbZq03OWQ,tradamerican,American (Traditional)
0BzxIsoRuFvxbMPl-iH70A,newamerican,American (New)
0BzxIsoRuFvxbMPl-iH70A,desserts,Desserts
0BzxIsoRuFvxbMPl-iH70A,cocktailbars,Cocktail Bars
ZlQ9YC8p-qC6XMzmOyUnPQ,tacos,Tacos
ZlQ9YC8p-qC6XMzmOyUnPQ,foodtrucks,Food Trucks
EuWNk5SJB7wADVHoCtxAqg,mediterranean,Mediterranean
EuWNk5SJB7wADVHoCtxAqg,cocktailbars,Cocktail Bars
EuWNk5SJB7wADVHoCtxAqg,mideastern,Middle Eastern
GxDZoghoDyxthCCTPrUbrA,mexican,Mexican
poW7hs8faR7X-JXVEHtp4g,italian,Italian
poW7hs8faR7X-JXVEHtp4g,pizza,Pizza
poW7hs8faR7X-JXVEHtp4g,desserts,Desserts
XLT7aNLJEhIdoieNjPw8Gg,cocktailbars,Cocktail Bars
XLT7aNLJEhIdoieNjPw8Gg,tapasmallplates,Tapas/Small Plates
lT0xsTDpKit5XV_7lOqJrg,korean,Korean
lT0xsTDpKit5XV_7lOqJrg,chickenshop,Chicken Shop
lT0xsTDpKit5XV_7lOqJrg,chicken_wings,Chicken Wings
-sngroTEoFPVjoK2yfdAng,tapasmallplates,Tapas/Small Plates
-sngroTEoFPVjoK2yfdAng,southern,Southern
-sngroTEoFPVjoK2yfdAng,cocktailbars,Cocktail Bars
9phYK1esfjNkdd5UPIt9_w,burgers,Burgers
9phYK1esfjNkdd5UPIt9_w,desserts,Desserts
9phYK1esfjNkdd5UPIt9_w,sandwiches,Sandwiches
OMF0rN7FHM2KovR8hJVbKA,korean,Korean
OMF0rN7FHM2KovR8hJVbKA,grocery,Grocery
U8bfgo6nmR6g6RbERK8ECg,french,French
TswtgsaC8VgQv0VDonFOTg,mexican,Mexican
TswtgsaC8VgQv0VDonFOTg,bars,Bars
TswtgsaC8VgQv0VDonFOTg,tex-mex,Tex-Mex
lxQ-tzFmL1tmUqZUN-CSRQ,japanese,Japanese
lxQ-tzFmL1tmUqZUN-CSRQ,bars,Bars
TXLtPStqbC3acOpoHWDfYQ,mexican,Mexican
TXLtPStqbC3acOpoHWDfYQ,bars,Bars
TXLtPStqbC3acOpoHWDfYQ,breakfast_brunch,Breakfast & Brunch
yzOew6wou7fu51dyn6pNeQ,italian,Italian
yzOew6wou7fu51dyn6pNeQ,comfortfood,Comfort Food
hKChLzaG8tyrSrg3U_wRNw,venues,Venues & Event Spaces
hKChLzaG8tyrSrg3U_wRNw,burgers,Burgers
hKChLzaG8tyrSrg3U_wRNw,beerbar,Beer Bar
2kPGo5wA33eBJj-OzA96tQ,mexican,Mexican
2kPGo5wA33eBJj-OzA96tQ,cocktailbars,Cocktail Bars
2kPGo5wA33eBJj-OzA96tQ,venues,Venues & Event Spaces
lqY_ETuTSPRYqC6R-hefyw,salad,Salad
lqY_ETuTSPRYqC6R-hefyw,wraps,Wraps
lqY_ETuTSPRYqC6R-hefyw,sandwiches,Sandwiches
kp5HpNxyJQGY13VDN-Yq9Q,mideastern,Middle Eastern
kp5HpNxyJQGY13VDN-Yq9Q,mediterranean,Mediterranean
kp5HpNxyJQGY13VDN-Yq9Q,sandwiches,Sandwiches
tmzWZtu9Nimn7Hfas9XmcA,french,French
tmzWZtu9Nimn7Hfas9XmcA,steak,Steakhouses
tmzWZtu9Nimn7Hfas9XmcA,newamerican,American (New)
br6HJD_UZ_LSU36tBZGSuw,korean,Korean
br6HJD_UZ_LSU36tBZGSuw,chinese,Chinese
br6HJD_UZ_LSU36tBZGSuw,noodles,Noodles
0qLiJ70Iciz3K9JVmwY2tg,caribbean,Caribbean
0qLiJ70Iciz3K9JVmwY2tg,chicken_wings,Chicken Wings
0qLiJ70Iciz3K9JVmwY2tg,cocktailbars,Cocktail Bars
g5f6p9jfzB30Mhcu6d5OWA,french,French
g512kssHLLTdDbUJHTmJFw,chinese,Chinese
7-aFmvscXWT223jlWrOkWg,mexican,Mexican
XEljGR5ptD9TLXaLsP30Jg,bars,Bars
XEljGR5ptD9TLXaLsP30Jg,newamerican,American (New)
iXV4FMZPru7BB_nwN_8mVw,italian,Italian
iXV4FMZPru7BB_nwN_8mVw,seafood,Seafood
iXV4FMZPru7BB_nwN_8mVw,cocktailbars,Cocktail Bars
S-WdvEU1X7J33whXWk1zmw,coffee,Coffee & Tea
S-WdvEU1X7J33whXWk1zmw,breakfast_brunch,Breakfast & Brunch
S-WdvEU1X7J33whXWk1zmw,beerbar,Beer Bar
j61hBldPvd47MdLgeySlxQ,chinese,Chinese
vA2VEhW6S1ioX6tXtQdO9A,thai,Thai
vA2VEhW6S1ioX6tXtQdO9A,asianfusion,Asian Fusion
vA2VEhW6S1ioX6tXtQdO9A,noodles,Noodles
hkooeEkd3oPsLD6JJrYpjA,italian,Italian
hkooeEkd3oPsLD6JJrYpjA,pastashops,Pasta Shops
hkooeEkd3oPsLD6JJrYpjA,wine_bars,Wine Bars
9HD5HQiTkURkx5i7hL92EA,szechuan,Szechuan
9HD5HQiTkURkx5i7hL92EA,vegan,Vegan
9HD5HQiTkURkx5i7hL92EA,cocktailbars,Cocktail Bars
GNJLl1U-QB4magpOrbcLlg,spanish,Spanish
GNJLl1U-QB4magpOrbcLlg,salvadoran,Salvadoran
5DoCTugT9AF-P3VspApsyQ,italian,Italian
5DoCTugT9AF-P3VspApsyQ,wine_bars,Wine Bars
5DoCTugT9AF-P3VspApsyQ,cocktailbars,Cocktail Bars
_l__uXH-xeqJVZbLiISGlQ,spanish,Spanish
_l__uXH-xeqJVZbLiISGlQ,mediterranean,Mediterranean
XNkC1vJmLOI8NRR3Jl_vyQ,thai,Thai
VQ5YGa4L4AT3ugF61hM9qQ,streetvendors,Street Vendors
VQ5YGa4L4AT3ugF61hM9qQ,chinese,Chinese
tO6ktIDgzUQ4XOGR6-Vkvw,japanese,Japanese
tO6ktIDgzUQ4XOGR6-Vkvw,tapas,Tapas Bars
unWoFZeSWa0DK1YMekO_Uw,venues,Venues & Event Spaces
unWoFZeSWa0DK1YMekO_Uw,breakfast_brunch,Breakfast & Brunch
unWoFZeSWa0DK1YMekO_Uw,tradamerican,American (Traditional)
jk8ek5ncBsFGlzRePGrNqA,cuban,Cuban
jk8ek5ncBsFGlzRePGrNqA,empanadas,Empanadas
jk8ek5ncBsFGlzRePGrNqA,sandwiches,Sandwiches
aRnqeB3ANO_HKETtyL7rlA,japanese,Japanese
aRnqeB3ANO_HKETtyL7rlA,foodstands,Food Stands
lv6ndaUChoqQ1g_TECir0Q,hotdogs,Fast Food
lv6ndaUChoqQ1g_TECir0Q,salvadoran,Salvadoran
8PhwiTru5teSaZ8C6hrIww,spanish,Spanish
8PhwiTru5teSaZ8C6hrIww,tapas,Tapas Bars
eTR6nfHvQzvKX7Dcd6JrfA,bars,Bars
eTR6nfHvQzvKX7Dcd6JrfA,newamerican,American (New)
Scs2L-4imyt_lorJ6biFKA,cafes,Cafes
Scs2L-4imyt_lorJ6biFKA,bars,Bars
Scs2L-4imyt_lorJ6biFKA,himalayan,Himalayan/Nepalese
rPKXTHDgtGI4XEo2HuVpow,australian,Australian
rPKXTHDgtGI4XEo2HuVpow,seafood,Seafood
rPKXTHDgtGI4XEo2HuVpow,asianfusion,Asian Fusion
O4rYM6YBj90W2u7RhG3Mvg,seafood,Seafood
O4rYM6YBj90W2u7RhG3Mvg,bars,Bars
O4rYM6YBj90W2u7RhG3Mvg,venues,Venues & Event Spaces
zf4Q7vCUbUab4Y0OeU0kyw,pizza,Pizza
ki1QfVkOweIcoJtERPJoew,bars,Bars
ki1QfVkOweIcoJtERPJoew,italian,Italian
ki1QfVkOweIcoJtERPJoew,venues,Venues & Event Spaces
IBTfNZ5CLTWA-IwkhU0c2Q,moroccan,Moroccan
IBTfNZ5CLTWA-IwkhU0c2Q,mediterranean,Mediterranean
IBTfNZ5CLTWA-IwkhU0c2Q,mideastern,Middle Eastern
5WD82Wg_s4bh5K0f3ZwnxQ,beergardens,Beer Gardens
5WD82Wg_s4bh5K0f3ZwnxQ,german,German
5WD82Wg_s4bh5K0f3ZwnxQ,breakfast_brunch,Breakfast & Brunch
1TjhL68uTF473c3E-cuLiw,breakfast_brunch,Breakfast & Brunch
1TjhL68uTF473c3E-cuLiw,burgers,Burgers
1TjhL68uTF473c3E-cuLiw,diners,Diners
IAbOg5Kd5AynOcbI8vGTwQ,italian,Italian
IAbOg5Kd5AynOcbI8vGTwQ,pizza,Pizza
zHtCLIChaKxqFXfMZQHkMQ,pizza,Pizza
zHtCLIChaKxqFXfMZQHkMQ,wine_bars,Wine Bars
E5Jd2NvkcDh8Yrd_drtoEA,belgian,Belgian
E5Jd2NvkcDh8Yrd_drtoEA,waffles,Waffles
E5Jd2NvkcDh8Yrd_drtoEA,breakfast_brunch,Breakfast & Brunch
Rw4m0AKl1hIkRZMVQ3ueXw,japanese,Japanese
Rw4m0AKl1hIkRZMVQ3ueXw,bbq,Barbeque
IpZwOB8lIhN2hVEecYd2ug,cocktailbars,Cocktail Bars
IpZwOB8lIhN2hVEecYd2ug,diners,Diners
FvCslLyo0SlDKI52bEDekQ,vegetarian,Vegetarian
FvCslLyo0SlDKI52bEDekQ,mideastern,Middle Eastern
FvCslLyo0SlDKI52bEDekQ,kosher,Kosher
nVdPvG5_JJmTHOGyB0zTzQ,breakfast_brunch,Breakfast & Brunch
nVdPvG5_JJmTHOGyB0zTzQ,coffee,Coffee & Tea
nVdPvG5_JJmTHOGyB0zTzQ,spanish,Spanish
Xcxare_6mb-PKSWYfIK6rg,mediterranean,Mediterranean
Xcxare_6mb-PKSWYfIK6rg,turkish,Turkish
QAGFu7pqCAZUJkYkUB5pjg,food_court,Food Court
4Objcs7HXSGuzpb0SOa-Jw,newamerican,American (New)
Ig4LSE3TRPs5nSsfTgnniQ,newamerican,American (New)
CoC_aCC3qKQuKrmZiV7DjA,hotdogs,Fast Food
CoC_aCC3qKQuKrmZiV7DjA,halal,Halal
CoC_aCC3qKQuKrmZiV7DjA,chicken_wings,Chicken Wings
6f1C0xuK5S5Zqy29_SmAvg,korean,Korean
ajIxeFOijO3n5AUncMDsbw,sandwiches,Sandwiches
ajIxeFOijO3n5AUncMDsbw,bars,Bars
RyVOeKAWLT2srJqpGNFHXw,french,French
RyVOeKAWLT2srJqpGNFHXw,breakfast_brunch,Breakfast & Brunch
RyVOeKAWLT2srJqpGNFHXw,wine_bars,Wine Bars
qLL_x4uzDHCgXd9lwaGxjw,french,French
qLL_x4uzDHCgXd9lwaGxjw,modern_european,Modern European
qLL_x4uzDHCgXd9lwaGxjw,galleries,Art Galleries
LCC5ryseychdJyp8RuQ2Zg,hotdogs,Fast Food
vvPj9PFLYBY9pY85RQ-ZnA,tacos,Tacos
mWS4umRg2AyykyAClMrIRw,newamerican,American (New)
mWS4umRg2AyykyAClMrIRw,bars,Bars
mWS4umRg2AyykyAClMrIRw,breakfast_brunch,Breakfast & Brunch
HJg9TbpyWvb6-AFPdb7NCA,italian,Italian
HJg9TbpyWvb6-AFPdb7NCA,french,French
HJg9TbpyWvb6-AFPdb7NCA,cocktailbars,Cocktail Bars
qb4dRCXvxyxoSW2wfgExTw,newamerican,American (New)
qb4dRCXvxyxoSW2wfgExTw,italian,Italian
qb4dRCXvxyxoSW2wfgExTw,cocktailbars,Cocktail Bars
7r6NoHRjQKhkZlIcODZJwg,hkcafe,Hong Kong Style Cafe
7r6NoHRjQKhkZlIcODZJwg,popupshops,Pop-up Shops
DiHm4iIAQhqMKfjsrBPvZw,spanish,Spanish
DiHm4iIAQhqMKfjsrBPvZw,tapas,Tapas Bars
DiHm4iIAQhqMKfjsrBPvZw,tapasmallplates,Tapas/Small Plates
13M1UV38RGIwonxIFLPD6g,popuprestaurants,Pop-Up Restaurants
FogLdooqSzKbmkwMGSwDiQ,pizza,Pizza
FogLdooqSzKbmkwMGSwDiQ,italian,Italian
FogLdooqSzKbmkwMGSwDiQ,bars,Bars
7awj6dogPbnykK2OgzClPA,sandwiches,Sandwiches
6LJl5ZhPMmGZ5F1oe-6kEw,vegan,Vegan
6LJl5ZhPMmGZ5F1oe-6kEw,vegetarian,Vegetarian
6LJl5ZhPMmGZ5F1oe-6kEw,wine_bars,Wine Bars
kIzVGUWS2b5H_b-G0Q0-0g,cocktailbars,Cocktail Bars
kIzVGUWS2b5H_b-G0Q0-0g,izakaya,Izakaya
LpSjWO4ZU6rbxGUetRp1mA,chinese,Chinese
vy7nHSNLCLrz1wBUcQD78w,newamerican,American (New)
vy7nHSNLCLrz1wBUcQD78w,bars,Bars
MLBqYHtCwACXgmKxYTFq3g,sushi,Sushi Bars
MLBqYHtCwACXgmKxYTFq3g,japanese,Japanese
eT39RKlQ8i5Z4ml0ZwUK-Q,wine_bars,Wine Bars
eT39RKlQ8i5Z4ml0ZwUK-Q,modern_european,Modern European
eT39RKlQ8i5Z4ml0ZwUK-Q,tradamerican,American (Traditional)
M_F6J04haemWdMYGFIn3ig,japacurry,Japanese Curry
M_F6J04haemWdMYGFIn3ig,noodles,Noodles
M_F6J04haemWdMYGFIn3ig,chinese,Chinese
e3aLZ41AMwtwuj9u6mO9Ew,chinese,Chinese
k5bGHJbAXDw9g_uP42QqDw,newamerican,American (New)
k5bGHJbAXDw9g_uP42QqDw,tikibars,Tiki Bars
k5bGHJbAXDw9g_uP42QqDw,breakfast_brunch,Breakfast & Brunch
LY0e-LsmtoyYysOcSLJ23g,seafood,Seafood
ZQ8E37pWd4KBgtdcWKx5IA,tradamerican,American (Traditional)
ZQ8E37pWd4KBgtdcWKx5IA,wine_bars,Wine Bars
ZQ8E37pWd4KBgtdcWKx5IA,cocktailbars,Cocktail Bars
wlOnVBj6hcbXw_Dj7RcbAQ,bars,Bars
wlOnVBj6hcbXw_Dj7RcbAQ,tradamerican,American (Traditional)
wlOnVBj6hcbXw_Dj7RcbAQ,spanish,Spanish
szM1B9tHQixNsmTZTfKoWA,tradamerican,American (Traditional)
szM1B9tHQixNsmTZTfKoWA,cafes,Cafes
jsYXlmCTsIOIZFMaGVc__w,sandwiches,Sandwiches
jsYXlmCTsIOIZFMaGVc__w,italian,Italian
DxeD4Jw3gsImI-olCOB0bA,bars,Bars
DxeD4Jw3gsImI-olCOB0bA,coffee,Coffee & Tea
DxeD4Jw3gsImI-olCOB0bA,breakfast_brunch,Breakfast & Brunch
Y331N32AeN-s5fFRe-bLuA,seafood,Seafood
Y331N32AeN-s5fFRe-bLuA,cocktailbars,Cocktail Bars
CUmNfw86xZIFvOmjPm-9jw,bagels,Bagels
CUmNfw86xZIFvOmjPm-9jw,bakeries,Bakeries
CUmNfw86xZIFvOmjPm-9jw,seafood,Seafood
FcQA5tV8wlz6jg_UK_s7Hw,noodles,Noodles
FcQA5tV8wlz6jg_UK_s7Hw,tapasmallplates,Tapas/Small Plates
wohLfhl0OqvDzIX50r63aw,cocktailbars,Cocktail Bars
wohLfhl0OqvDzIX50r63aw,newamerican,American (New)
wohLfhl0OqvDzIX50r63aw,breakfast_brunch,Breakfast & Brunch
GCAQmtRdNhqVit5KGJ46Qg,newamerican,American (New)
GCAQmtRdNhqVit5KGJ46Qg,breakfast_brunch,Breakfast & Brunch
GCAQmtRdNhqVit5KGJ46Qg,cocktailbars,Cocktail Bars
b3lYtaBR1SlmH7NNDWi-vg,cocktailbars,Cocktail Bars
b3lYtaBR1SlmH7NNDWi-vg,tradamerican,American (Traditional)
b3lYtaBR1SlmH7NNDWi-vg,burgers,Burgers
aS8QlNmESvm2ZLsE9D-c3g,wine_bars,Wine Bars
aS8QlNmESvm2ZLsE9D-c3g,cocktailbars,Cocktail Bars
aS8QlNmESvm2ZLsE9D-c3g,tapasmallplates,Tapas/Small Plates
ExvoimQ4LzY3UWtZ6m6Lgw,mideastern,Middle Eastern
ExvoimQ4LzY3UWtZ6m6Lgw,persian,Persian/Iranian
ExvoimQ4LzY3UWtZ6m6Lgw,mediterranean,Mediterranean
NTwOc9yQ1xl5deeVzZqxfw,bars,Bars
NTwOc9yQ1xl5deeVzZqxfw,breakfast_brunch,Breakfast & Brunch
6ZfVmImuKJg9lB1PF4pfPg,tacos,Tacos
1raTNJpNeTOLLJsm5YY1mA,newamerican,American (New)
1raTNJpNeTOLLJsm5YY1mA,beerbar,Beer Bar
1raTNJpNeTOLLJsm5YY1mA,cocktailbars,Cocktail Bars
pRfGeyi4TcpLPKQTNtPx6w,bbq,Barbeque
pRfGeyi4TcpLPKQTNtPx6w,streetvendors,Street Vendors
TbZ7mJqWuyJycLPNDrbY6A,japanese,Japanese
TbZ7mJqWuyJycLPNDrbY6A,sushi,Sushi Bars
